"filename", "language", "TypeScript", "JSON", "JSON with Comments", "Markdown", "MS SQL", "JavaScript", "HTML", "Docker", "Ignore", "PostCSS", "Shell Script", "YAML", "TypeScript JSX", "XML", "comment", "blank", "total"
"d:\github\NODE-JS\work\periodtracker\.dockerignore", "Ignore", 0, 0, 0, 0, 0, 0, 0, 0, 3, 0, 0, 0, 0, 0, 0, 0, 3
"d:\github\NODE-JS\work\periodtracker\.k8s\README.md", "Markdown", 0, 0, 0, 14, 0, 0, 0, 0, 0, 0, 0, 0, 0, 0, 0, 6, 20
"d:\github\NODE-JS\work\periodtracker\.k8s\adminer.yaml", "YAML", 0, 0, 0, 0, 0, 0, 0, 0, 0, 0, 0, 38, 0, 0, 0, 1, 39
"d:\github\NODE-JS\work\periodtracker\.k8s\api-ingress.yaml", "YAML", 0, 0, 0, 0, 0, 0, 0, 0, 0, 0, 0, 24, 0, 0, 0, 1, 25
"d:\github\NODE-JS\work\periodtracker\.k8s\api.yaml", "YAML", 0, 0, 0, 0, 0, 0, 0, 0, 0, 0, 0, 67, 0, 0, 0, 1, 68
"d:\github\NODE-JS\work\periodtracker\.k8s\cms-ingress.yaml", "YAML", 0, 0, 0, 0, 0, 0, 0, 0, 0, 0, 0, 24, 0, 0, 0, 1, 25
"d:\github\NODE-JS\work\periodtracker\.k8s\cms.yaml", "YAML", 0, 0, 0, 0, 0, 0, 0, 0, 0, 0, 0, 76, 0, 0, 0, 1, 77
"d:\github\NODE-JS\work\periodtracker\.k8s\deploy-k8s.sh", "Shell Script", 0, 0, 0, 0, 0, 0, 0, 0, 0, 0, 25, 0, 0, 0, 2, 11, 38
"d:\github\NODE-JS\work\periodtracker\.k8s\letsencrypt.yml", "YAML", 0, 0, 0, 0, 0, 0, 0, 0, 0, 0, 0, 14, 0, 0, 4, 0, 18
"d:\github\NODE-JS\work\periodtracker\.prettierignore", "Ignore", 0, 0, 0, 0, 0, 0, 0, 0, 1, 0, 0, 0, 0, 0, 0, 0, 1
"d:\github\NODE-JS\work\periodtracker\.prettierrc", "JSON", 0, 6, 0, 0, 0, 0, 0, 0, 0, 0, 0, 0, 0, 0, 0, 1, 7
"d:\github\NODE-JS\work\periodtracker\AboutOky.md", "Markdown", 0, 0, 0, 51, 0, 0, 0, 0, 0, 0, 0, 0, 0, 0, 1, 42, 94
"d:\github\NODE-JS\work\periodtracker\CODE_OF_CONDUCT.md", "Markdown", 0, 0, 0, 93, 0, 0, 0, 0, 0, 0, 0, 0, 0, 0, 0, 36, 129
"d:\github\NODE-JS\work\periodtracker\CONTRIBUTING.md", "Markdown", 0, 0, 0, 55, 0, 0, 0, 0, 0, 0, 0, 0, 0, 0, 0, 39, 94
"d:\github\NODE-JS\work\periodtracker\Dockerfile", "Docker", 0, 0, 0, 0, 0, 0, 0, 14, 0, 0, 0, 0, 0, 0, 2, 6, 22
"d:\github\NODE-JS\work\periodtracker\README.md", "Markdown", 0, 0, 0, 23, 0, 0, 0, 0, 0, 0, 0, 0, 0, 0, 0, 23, 46
"d:\github\NODE-JS\work\periodtracker\app\App.tsx", "TypeScript JSX", 0, 0, 0, 0, 0, 0, 0, 0, 0, 0, 0, 0, 53, 0, 0, 5, 58
"d:\github\NODE-JS\work\periodtracker\app\README.md", "Markdown", 0, 0, 0, 22, 0, 0, 0, 0, 0, 0, 0, 0, 0, 0, 0, 12, 34
"d:\github\NODE-JS\work\periodtracker\app\__mocks__\vector-icons.js", "JavaScript", 0, 0, 0, 0, 0, 2, 0, 0, 0, 0, 0, 0, 0, 0, 1, 1, 4
"d:\github\NODE-JS\work\periodtracker\app\__tests__\src\components\A.test.tsx", "TypeScript JSX", 0, 0, 0, 0, 0, 0, 0, 0, 0, 0, 0, 0, 23, 0, 0, 4, 27
"d:\github\NODE-JS\work\periodtracker\app\__tests__\src\components\Avatar\AvatarMessage.test.tsx", "TypeScript JSX", 0, 0, 0, 0, 0, 0, 0, 0, 0, 0, 0, 0, 48, 0, 6, 17, 71
"d:\github\NODE-JS\work\periodtracker\app\__tests__\src\components\Background.test.tsx", "TypeScript JSX", 0, 0, 0, 0, 0, 0, 0, 0, 0, 0, 0, 0, 47, 0, 2, 10, 59
"d:\github\NODE-JS\work\periodtracker\app\__tests__\src\components\Button.test.tsx", "TypeScript JSX", 0, 0, 0, 0, 0, 0, 0, 0, 0, 0, 0, 0, 17, 0, 0, 3, 20
"d:\github\NODE-JS\work\periodtracker\app\__tests__\src\components\CheckButton.test.tsx", "TypeScript JSX", 0, 0, 0, 0, 0, 0, 0, 0, 0, 0, 0, 0, 17, 0, 0, 3, 20
"d:\github\NODE-JS\work\periodtracker\app\__tests__\src\components\Checkbox.test.tsx", "TypeScript JSX", 0, 0, 0, 0, 0, 0, 0, 0, 0, 0, 0, 0, 24, 0, 1, 3, 28
"d:\github\NODE-JS\work\periodtracker\app\__tests__\src\components\DatePicker.test.tsx", "TypeScript JSX", 0, 0, 0, 0, 0, 0, 0, 0, 0, 0, 0, 0, 52, 0, 1, 7, 60
"d:\github\NODE-JS\work\periodtracker\app\__tests__\src\components\EmojiBadge.test.tsx", "TypeScript JSX", 0, 0, 0, 0, 0, 0, 0, 0, 0, 0, 0, 0, 23, 0, 0, 4, 27
"d:\github\NODE-JS\work\periodtracker\app\__tests__\src\components\ErrorText.test.tsx", "TypeScript JSX", 0, 0, 0, 0, 0, 0, 0, 0, 0, 0, 0, 0, 17, 0, 0, 3, 20
"d:\github\NODE-JS\work\periodtracker\app\__tests__\src\components\Hr.test.tsx", "TypeScript JSX", 0, 0, 0, 0, 0, 0, 0, 0, 0, 0, 0, 0, 9, 0, 0, 2, 11
"d:\github\NODE-JS\work\periodtracker\app\__tests__\src\components\IconButton.test.tsx", "TypeScript JSX", 0, 0, 0, 0, 0, 0, 0, 0, 0, 0, 0, 0, 27, 0, 0, 5, 32
"d:\github\NODE-JS\work\periodtracker\app\__tests__\src\components\InfoDisplay.test.tsx", "TypeScript JSX", 0, 0, 0, 0, 0, 0, 0, 0, 0, 0, 0, 0, 17, 0, 0, 3, 20
"d:\github\NODE-JS\work\periodtracker\app\__tests__\src\components\Screen.test.tsx", "TypeScript JSX", 0, 0, 0, 0, 0, 0, 0, 0, 0, 0, 0, 0, 34, 0, 0, 4, 38
"d:\github\NODE-JS\work\periodtracker\app\__tests__\src\components\Vr.test.tsx", "TypeScript JSX", 0, 0, 0, 0, 0, 0, 0, 0, 0, 0, 0, 0, 9, 0, 0, 2, 11
"d:\github\NODE-JS\work\periodtracker\app\__tests__\src\components\icons\Circle.test.tsx", "TypeScript JSX", 0, 0, 0, 0, 0, 0, 0, 0, 0, 0, 0, 0, 10, 0, 0, 2, 12
"d:\github\NODE-JS\work\periodtracker\app\__tests__\src\components\icons\CircleOutline.test.tsx", "TypeScript JSX", 0, 0, 0, 0, 0, 0, 0, 0, 0, 0, 0, 0, 10, 0, 0, 2, 12
"d:\github\NODE-JS\work\periodtracker\app\__tests__\src\components\icons\Cloud.test.tsx", "TypeScript JSX", 0, 0, 0, 0, 0, 0, 0, 0, 0, 0, 0, 0, 10, 0, 0, 2, 12
"d:\github\NODE-JS\work\periodtracker\app\__tests__\src\components\icons\CloudOutline.test.tsx", "TypeScript JSX", 0, 0, 0, 0, 0, 0, 0, 0, 0, 0, 0, 0, 10, 0, 0, 2, 12
"d:\github\NODE-JS\work\periodtracker\app\__tests__\src\components\icons\Star.test.tsx", "TypeScript JSX", 0, 0, 0, 0, 0, 0, 0, 0, 0, 0, 0, 0, 10, 0, 0, 2, 12
"d:\github\NODE-JS\work\periodtracker\app\__tests__\src\components\icons\StarOutline.test.tsx", "TypeScript JSX", 0, 0, 0, 0, 0, 0, 0, 0, 0, 0, 0, 0, 10, 0, 0, 2, 12
"d:\github\NODE-JS\work\periodtracker\app\__tests__\src\components\icons\UserIcon.test.tsx", "TypeScript JSX", 0, 0, 0, 0, 0, 0, 0, 0, 0, 0, 0, 0, 10, 0, 0, 2, 12
"d:\github\NODE-JS\work\periodtracker\app\__tests__\src\hooks\useAccessibilityLabel.test.ts", "TypeScript", 41, 0, 0, 0, 0, 0, 0, 0, 0, 0, 0, 0, 0, 0, 0, 7, 48
"d:\github\NODE-JS\work\periodtracker\app\__tests__\src\hooks\useFormatDate.test.ts", "TypeScript", 60, 0, 0, 0, 0, 0, 0, 0, 0, 0, 0, 0, 0, 0, 0, 14, 74
"d:\github\NODE-JS\work\periodtracker\app\__tests__\src\hooks\useMonths.test.ts", "TypeScript", 144, 0, 0, 0, 0, 0, 0, 0, 0, 0, 0, 0, 0, 0, 0, 10, 154
"d:\github\NODE-JS\work\periodtracker\app\__tests__\src\hooks\useTranslate.test.ts", "TypeScript", 67, 0, 0, 0, 0, 0, 0, 0, 0, 0, 0, 0, 0, 0, 0, 19, 86
"d:\github\NODE-JS\work\periodtracker\app\__tests__\src\mappers\didyouknow.test.ts", "TypeScript", 42, 0, 0, 0, 0, 0, 0, 0, 0, 0, 0, 0, 0, 0, 0, 7, 49
"d:\github\NODE-JS\work\periodtracker\app\__tests__\src\mappers\encyclopedia.test.ts", "TypeScript", 163, 0, 0, 0, 0, 0, 0, 0, 0, 0, 0, 0, 0, 0, 0, 9, 172
"d:\github\NODE-JS\work\periodtracker\app\__tests__\src\mappers\quiz.test.ts", "TypeScript", 77, 0, 0, 0, 0, 0, 0, 0, 0, 0, 0, 0, 0, 0, 0, 8, 85
"d:\github\NODE-JS\work\periodtracker\app\__tests__\src\mappers\survey.test.ts", "TypeScript", 69, 0, 0, 0, 0, 0, 0, 0, 0, 0, 0, 0, 0, 0, 0, 8, 77
"d:\github\NODE-JS\work\periodtracker\app\__tests__\src\screens\AuthScreen\components\AuthCardBody.test.tsx", "TypeScript JSX", 0, 0, 0, 0, 0, 0, 0, 0, 0, 0, 0, 0, 23, 0, 0, 5, 28
"d:\github\NODE-JS\work\periodtracker\app\__tests__\src\screens\AuthScreen\components\AuthHeader.test.tsx", "TypeScript JSX", 0, 0, 0, 0, 0, 0, 0, 0, 0, 0, 0, 0, 24, 0, 0, 5, 29
"d:\github\NODE-JS\work\periodtracker\app\__tests__\src\screens\AuthScreen\components\AuthLinks.test.tsx", "TypeScript JSX", 0, 0, 0, 0, 0, 0, 0, 0, 0, 0, 0, 0, 19, 0, 0, 3, 22
"d:\github\NODE-JS\work\periodtracker\app\__tests__\src\screens\AuthScreen\components\AuthToggle.test.tsx", "TypeScript JSX", 0, 0, 0, 0, 0, 0, 0, 0, 0, 0, 0, 0, 19, 0, 0, 3, 22
"d:\github\NODE-JS\work\periodtracker\app\__tests__\src\screens\AuthScreen\components\SignUp\components\AskAge.text.tsx", "TypeScript JSX", 0, 0, 0, 0, 0, 0, 0, 0, 0, 0, 0, 0, 69, 0, 6, 23, 98
"d:\github\NODE-JS\work\periodtracker\app\__tests__\src\screens\AuthScreen\components\SignUp\components\AskAgree.test.tsx", "TypeScript JSX", 0, 0, 0, 0, 0, 0, 0, 0, 0, 0, 0, 0, 81, 0, 2, 23, 106
"d:\github\NODE-JS\work\periodtracker\app\__tests__\src\screens\AuthScreen\components\SignUp\components\AskLocation.test.tsx", "TypeScript JSX", 0, 0, 0, 0, 0, 0, 0, 0, 0, 0, 0, 0, 24, 0, 0, 5, 29
"d:\github\NODE-JS\work\periodtracker\app\__tests__\src\screens\DayScreen\components\DayTracker\DidYouKnowCard.test.tsx", "TypeScript JSX", 0, 0, 0, 0, 0, 0, 0, 0, 0, 0, 0, 0, 31, 0, 0, 5, 36
"d:\github\NODE-JS\work\periodtracker\app\__tests__\src\screens\EncyclopediaScreen\components\HelpCard.test.tsx", "TypeScript JSX", 0, 0, 0, 0, 0, 0, 0, 0, 0, 0, 0, 0, 27, 0, 0, 5, 32
"d:\github\NODE-JS\work\periodtracker\app\__tests__\src\screens\FindHelpScreen\components\HelpCenterCard.test.tsx", "TypeScript JSX", 0, 0, 0, 0, 0, 0, 0, 0, 0, 0, 0, 0, 54, 0, 1, 6, 61
"d:\github\NODE-JS\work\periodtracker\app\__tests__\src\screens\MainScreen\components\CenterCard.test.tsx", "TypeScript JSX", 0, 0, 0, 0, 0, 0, 0, 0, 0, 0, 0, 0, 77, 0, 0, 8, 85
"d:\github\NODE-JS\work\periodtracker\app\__tests__\src\screens\ProfileScreen\components\CycleCard.test.tsx", "TypeScript JSX", 0, 0, 0, 0, 0, 0, 0, 0, 0, 0, 0, 0, 55, 0, 0, 7, 62
"d:\github\NODE-JS\work\periodtracker\app\__tests__\src\services\asset.test.ts", "TypeScript", 39, 0, 0, 0, 0, 0, 0, 0, 0, 0, 0, 0, 0, 0, 0, 10, 49
"d:\github\NODE-JS\work\periodtracker\app\__tests__\src\services\auth.test.ts", "TypeScript", 21, 0, 0, 0, 0, 0, 0, 0, 0, 0, 0, 0, 0, 0, 0, 7, 28
"d:\github\NODE-JS\work\periodtracker\app\__tests__\src\services\dateUtils.test.ts", "TypeScript", 85, 0, 0, 0, 0, 0, 0, 0, 0, 0, 0, 0, 0, 0, 0, 15, 100
"d:\github\NODE-JS\work\periodtracker\app\__tests__\src\services\utils.test.tsx", "TypeScript JSX", 0, 0, 0, 0, 0, 0, 0, 0, 0, 0, 0, 0, 64, 0, 0, 12, 76
"d:\github\NODE-JS\work\periodtracker\app\app.config.js", "JavaScript", 0, 0, 0, 0, 0, 10, 0, 0, 0, 0, 0, 0, 0, 0, 1, 3, 14
"d:\github\NODE-JS\work\periodtracker\app\babel.config.js", "JavaScript", 0, 0, 0, 0, 0, 10, 0, 0, 0, 0, 0, 0, 0, 0, 1, 1, 12
"d:\github\NODE-JS\work\periodtracker\app\eslint.config.mjs", "JavaScript", 0, 0, 0, 0, 0, 63, 0, 0, 0, 0, 0, 0, 0, 0, 11, 2, 76
"d:\github\NODE-JS\work\periodtracker\app\firebase.json", "JSON", 0, 5, 0, 0, 0, 0, 0, 0, 0, 0, 0, 0, 0, 0, 0, 1, 6
"d:\github\NODE-JS\work\periodtracker\app\jest.config.js", "JavaScript", 0, 0, 0, 0, 0, 29, 0, 0, 0, 0, 0, 0, 0, 0, 1, 2, 32
"d:\github\NODE-JS\work\periodtracker\app\package.json", "JSON", 0, 94, 0, 0, 0, 0, 0, 0, 0, 0, 0, 0, 0, 0, 0, 1, 95
"d:\github\NODE-JS\work\periodtracker\app\removeUnusedAssets.ts", "TypeScript", 55, 0, 0, 0, 0, 0, 0, 0, 0, 0, 0, 0, 0, 0, 2, 20, 77
"d:\github\NODE-JS\work\periodtracker\app\src\components\A.tsx", "TypeScript JSX", 0, 0, 0, 0, 0, 0, 0, 0, 0, 0, 0, 0, 48, 0, 0, 8, 56
"d:\github\NODE-JS\work\periodtracker\app\src\components\AnimatedContainer.tsx", "TypeScript JSX", 0, 0, 0, 0, 0, 0, 0, 0, 0, 0, 0, 0, 32, 0, 1, 8, 41
"d:\github\NODE-JS\work\periodtracker\app\src\components\AudioPlayer.tsx", "TypeScript JSX", 0, 0, 0, 0, 0, 0, 0, 0, 0, 0, 0, 0, 93, 0, 0, 14, 107
"d:\github\NODE-JS\work\periodtracker\app\src\components\Avatar\AvatarMessage.tsx", "TypeScript JSX", 0, 0, 0, 0, 0, 0, 0, 0, 0, 0, 0, 0, 45, 0, 0, 5, 50
"d:\github\NODE-JS\work\periodtracker\app\src\components\Avatar\HeartAnimation.tsx", "TypeScript JSX", 0, 0, 0, 0, 0, 0, 0, 0, 0, 0, 0, 0, 129, 0, 2, 21, 152
"d:\github\NODE-JS\work\periodtracker\app\src\components\Avatar\ProgressBar.tsx", "TypeScript JSX", 0, 0, 0, 0, 0, 0, 0, 0, 0, 0, 0, 0, 48, 0, 0, 3, 51
"d:\github\NODE-JS\work\periodtracker\app\src\components\Avatar\ProgressSection.tsx", "TypeScript JSX", 0, 0, 0, 0, 0, 0, 0, 0, 0, 0, 0, 0, 125, 0, 3, 13, 141
"d:\github\NODE-JS\work\periodtracker\app\src\components\Avatar\index.tsx", "TypeScript JSX", 0, 0, 0, 0, 0, 0, 0, 0, 0, 0, 0, 0, 169, 0, 3, 24, 196
"d:\github\NODE-JS\work\periodtracker\app\src\components\Background.tsx", "TypeScript JSX", 0, 0, 0, 0, 0, 0, 0, 0, 0, 0, 0, 0, 38, 0, 0, 5, 43
"d:\github\NODE-JS\work\periodtracker\app\src\components\Button.tsx", "TypeScript JSX", 0, 0, 0, 0, 0, 0, 0, 0, 0, 0, 0, 0, 148, 0, 0, 12, 160
"d:\github\NODE-JS\work\periodtracker\app\src\components\CheckButton.tsx", "TypeScript JSX", 0, 0, 0, 0, 0, 0, 0, 0, 0, 0, 0, 0, 17, 0, 0, 3, 20
"d:\github\NODE-JS\work\periodtracker\app\src\components\Checkbox.tsx", "TypeScript JSX", 0, 0, 0, 0, 0, 0, 0, 0, 0, 0, 0, 0, 73, 0, 0, 7, 80
"d:\github\NODE-JS\work\periodtracker\app\src\components\DailyCard.tsx", "TypeScript JSX", 0, 0, 0, 0, 0, 0, 0, 0, 0, 0, 0, 0, 187, 0, 3, 24, 214
"d:\github\NODE-JS\work\periodtracker\app\src\components\DateBadge.tsx", "TypeScript JSX", 0, 0, 0, 0, 0, 0, 0, 0, 0, 0, 0, 0, 86, 0, 0, 6, 92
"d:\github\NODE-JS\work\periodtracker\app\src\components\DatePicker.tsx", "TypeScript JSX", 0, 0, 0, 0, 0, 0, 0, 0, 0, 0, 0, 0, 85, 0, 0, 9, 94
"d:\github\NODE-JS\work\periodtracker\app\src\components\DayModal.tsx", "TypeScript JSX", 0, 0, 0, 0, 0, 0, 0, 0, 0, 0, 0, 0, 352, 0, 32, 31, 415
"d:\github\NODE-JS\work\periodtracker\app\src\components\EmojiBadge.tsx", "TypeScript JSX", 0, 0, 0, 0, 0, 0, 0, 0, 0, 0, 0, 0, 102, 0, 0, 7, 109
"d:\github\NODE-JS\work\periodtracker\app\src\components\ErrorText.tsx", "TypeScript JSX", 0, 0, 0, 0, 0, 0, 0, 0, 0, 0, 0, 0, 18, 0, 0, 3, 21
"d:\github\NODE-JS\work\periodtracker\app\src\components\Hr.tsx", "TypeScript JSX", 0, 0, 0, 0, 0, 0, 0, 0, 0, 0, 0, 0, 13, 0, 0, 4, 17
"d:\github\NODE-JS\work\periodtracker\app\src\components\IconButton.tsx", "TypeScript JSX", 0, 0, 0, 0, 0, 0, 0, 0, 0, 0, 0, 0, 71, 0, 0, 6, 77
"d:\github\NODE-JS\work\periodtracker\app\src\components\InfoButton.tsx", "TypeScript JSX", 0, 0, 0, 0, 0, 0, 0, 0, 0, 0, 0, 0, 57, 0, 0, 7, 64
"d:\github\NODE-JS\work\periodtracker\app\src\components\InfoDisplay.tsx", "TypeScript JSX", 0, 0, 0, 0, 0, 0, 0, 0, 0, 0, 0, 0, 44, 0, 0, 4, 48
"d:\github\NODE-JS\work\periodtracker\app\src\components\Input.tsx", "TypeScript JSX", 0, 0, 0, 0, 0, 0, 0, 0, 0, 0, 0, 0, 141, 0, 2, 9, 152
"d:\github\NODE-JS\work\periodtracker\app\src\components\LanguageSelector.tsx", "TypeScript JSX", 0, 0, 0, 0, 0, 0, 0, 0, 0, 0, 0, 0, 49, 0, 0, 10, 59
"d:\github\NODE-JS\work\periodtracker\app\src\components\Modal.tsx", "TypeScript JSX", 0, 0, 0, 0, 0, 0, 0, 0, 0, 0, 0, 0, 86, 0, 0, 7, 93
"d:\github\NODE-JS\work\periodtracker\app\src\components\Screen.tsx", "TypeScript JSX", 0, 0, 0, 0, 0, 0, 0, 0, 0, 0, 0, 0, 48, 0, 0, 5, 53
"d:\github\NODE-JS\work\periodtracker\app\src\components\SearchBar.tsx", "TypeScript JSX", 0, 0, 0, 0, 0, 0, 0, 0, 0, 0, 0, 0, 47, 0, 0, 6, 53
"d:\github\NODE-JS\work\periodtracker\app\src\components\SegmentControl.tsx", "TypeScript JSX", 0, 0, 0, 0, 0, 0, 0, 0, 0, 0, 0, 0, 100, 0, 1, 9, 110
"d:\github\NODE-JS\work\periodtracker\app\src\components\Spinner.tsx", "TypeScript JSX", 0, 0, 0, 0, 0, 0, 0, 0, 0, 0, 0, 0, 28, 0, 0, 5, 33
"d:\github\NODE-JS\work\periodtracker\app\src\components\SpinnerScreen.tsx", "TypeScript JSX", 0, 0, 0, 0, 0, 0, 0, 0, 0, 0, 0, 0, 55, 0, 0, 7, 62
"d:\github\NODE-JS\work\periodtracker\app\src\components\Swiper.tsx", "TypeScript JSX", 0, 0, 0, 0, 0, 0, 0, 0, 0, 0, 0, 0, 135, 0, 0, 22, 157
"d:\github\NODE-JS\work\periodtracker\app\src\components\Switch.tsx", "TypeScript JSX", 0, 0, 0, 0, 0, 0, 0, 0, 0, 0, 0, 0, 69, 0, 0, 9, 78
"d:\github\NODE-JS\work\periodtracker\app\src\components\Text.tsx", "TypeScript JSX", 0, 0, 0, 0, 0, 0, 0, 0, 0, 0, 0, 0, 38, 0, 0, 7, 45
"d:\github\NODE-JS\work\periodtracker\app\src\components\TouchableRow.tsx", "TypeScript JSX", 0, 0, 0, 0, 0, 0, 0, 0, 0, 0, 0, 0, 57, 0, 0, 5, 62
"d:\github\NODE-JS\work\periodtracker\app\src\components\TutorialContainer.tsx", "TypeScript JSX", 0, 0, 0, 0, 0, 0, 0, 0, 0, 0, 0, 0, 59, 0, 1, 7, 67
"d:\github\NODE-JS\work\periodtracker\app\src\components\Vr.tsx", "TypeScript JSX", 0, 0, 0, 0, 0, 0, 0, 0, 0, 0, 0, 0, 13, 0, 0, 3, 16
"d:\github\NODE-JS\work\periodtracker\app\src\components\WheelPicker.tsx", "TypeScript JSX", 0, 0, 0, 0, 0, 0, 0, 0, 0, 0, 0, 0, 217, 0, 1, 26, 244
"d:\github\NODE-JS\work\periodtracker\app\src\components\WheelPickerModal.tsx", "TypeScript JSX", 0, 0, 0, 0, 0, 0, 0, 0, 0, 0, 0, 0, 116, 0, 0, 12, 128
"d:\github\NODE-JS\work\periodtracker\app\src\components\icons\Circle.tsx", "TypeScript JSX", 0, 0, 0, 0, 0, 0, 0, 0, 0, 0, 0, 0, 69, 0, 0, 3, 72
"d:\github\NODE-JS\work\periodtracker\app\src\components\icons\CircleOutline.tsx", "TypeScript JSX", 0, 0, 0, 0, 0, 0, 0, 0, 0, 0, 0, 0, 69, 0, 0, 3, 72
"d:\github\NODE-JS\work\periodtracker\app\src\components\icons\Cloud.tsx", "TypeScript JSX", 0, 0, 0, 0, 0, 0, 0, 0, 0, 0, 0, 0, 235, 0, 0, 3, 238
"d:\github\NODE-JS\work\periodtracker\app\src\components\icons\CloudOutline.tsx", "TypeScript JSX", 0, 0, 0, 0, 0, 0, 0, 0, 0, 0, 0, 0, 223, 0, 0, 3, 226
"d:\github\NODE-JS\work\periodtracker\app\src\components\icons\Star.tsx", "TypeScript JSX", 0, 0, 0, 0, 0, 0, 0, 0, 0, 0, 0, 0, 114, 0, 0, 3, 117
"d:\github\NODE-JS\work\periodtracker\app\src\components\icons\StarOutline.tsx", "TypeScript JSX", 0, 0, 0, 0, 0, 0, 0, 0, 0, 0, 0, 0, 114, 0, 0, 3, 117
"d:\github\NODE-JS\work\periodtracker\app\src\components\icons\UserIcon.tsx", "TypeScript JSX", 0, 0, 0, 0, 0, 0, 0, 0, 0, 0, 0, 0, 35, 0, 0, 2, 37
"d:\github\NODE-JS\work\periodtracker\app\src\components\icons\types.ts", "TypeScript", 7, 0, 0, 0, 0, 0, 0, 0, 0, 0, 0, 0, 0, 0, 0, 2, 9
"d:\github\NODE-JS\work\periodtracker\app\src\config\UIConfig.ts", "TypeScript", 107, 0, 0, 0, 0, 0, 0, 0, 0, 0, 0, 0, 0, 0, 0, 5, 112
"d:\github\NODE-JS\work\periodtracker\app\src\config\env.ts", "TypeScript", 7, 0, 0, 0, 0, 0, 0, 0, 0, 0, 0, 0, 0, 0, 3, 4, 14
"d:\github\NODE-JS\work\periodtracker\app\src\config\options.ts", "TypeScript", 29, 0, 0, 0, 0, 0, 0, 0, 0, 0, 0, 0, 0, 0, 2, 9, 40
"d:\github\NODE-JS\work\periodtracker\app\src\config\theme.ts", "TypeScript", 16, 0, 0, 0, 0, 0, 0, 0, 0, 0, 0, 0, 0, 0, 1, 2, 19
"d:\github\NODE-JS\work\periodtracker\app\src\contexts\AuthContext.tsx", "TypeScript JSX", 0, 0, 0, 0, 0, 0, 0, 0, 0, 0, 0, 0, 32, 0, 0, 8, 40
"d:\github\NODE-JS\work\periodtracker\app\src\contexts\AvatarMessageContext.tsx", "TypeScript JSX", 0, 0, 0, 0, 0, 0, 0, 0, 0, 0, 0, 0, 62, 0, 2, 16, 80
"d:\github\NODE-JS\work\periodtracker\app\src\contexts\LoadingProvider.tsx", "TypeScript JSX", 0, 0, 0, 0, 0, 0, 0, 0, 0, 0, 0, 0, 68, 0, 0, 13, 81
"d:\github\NODE-JS\work\periodtracker\app\src\contexts\PredictionProvider.tsx", "TypeScript JSX", 0, 0, 0, 0, 0, 0, 0, 0, 0, 0, 0, 0, 182, 0, 18, 42, 242
"d:\github\NODE-JS\work\periodtracker\app\src\contexts\ResponsiveContext.tsx", "TypeScript JSX", 0, 0, 0, 0, 0, 0, 0, 0, 0, 0, 0, 0, 46, 0, 0, 11, 57
"d:\github\NODE-JS\work\periodtracker\app\src\contexts\SoundProvider.tsx", "TypeScript JSX", 0, 0, 0, 0, 0, 0, 0, 0, 0, 0, 0, 0, 23, 0, 0, 7, 30
"d:\github\NODE-JS\work\periodtracker\app\src\core\api\index.ts", "TypeScript", 1, 0, 0, 0, 0, 0, 0, 0, 0, 0, 0, 0, 0, 0, 0, 1, 2
"d:\github\NODE-JS\work\periodtracker\app\src\core\api\types.ts", "TypeScript", 153, 0, 0, 0, 0, 0, 0, 0, 0, 0, 0, 0, 0, 0, 4, 17, 174
"d:\github\NODE-JS\work\periodtracker\app\src\core\types\assets.ts", "TypeScript", 34, 0, 0, 0, 0, 0, 0, 0, 0, 0, 0, 0, 0, 0, 2, 2, 38
"d:\github\NODE-JS\work\periodtracker\app\src\core\types\index.ts", "TypeScript", 2, 0, 0, 0, 0, 0, 0, 0, 0, 0, 0, 0, 0, 0, 0, 1, 3
"d:\github\NODE-JS\work\periodtracker\app\src\core\types\translations\app.ts", "TypeScript", 313, 0, 0, 0, 0, 0, 0, 0, 0, 0, 0, 0, 0, 0, 19, 14, 346
"d:\github\NODE-JS\work\periodtracker\app\src\core\types\translations\calendar.ts", "TypeScript", 6, 0, 0, 0, 0, 0, 0, 0, 0, 0, 0, 0, 0, 0, 0, 1, 7
"d:\github\NODE-JS\work\periodtracker\app\src\core\types\translations\content.ts", "TypeScript", 211, 0, 0, 0, 0, 0, 0, 0, 0, 0, 0, 0, 0, 0, 7, 26, 244
"d:\github\NODE-JS\work\periodtracker\app\src\core\types\translations\index.ts", "TypeScript", 3, 0, 0, 0, 0, 0, 0, 0, 0, 0, 0, 0, 0, 0, 0, 1, 4
"d:\github\NODE-JS\work\periodtracker\app\src\declaration.d.ts", "TypeScript", 2, 0, 0, 0, 0, 0, 0, 0, 0, 0, 0, 0, 0, 0, 0, 1, 3
"d:\github\NODE-JS\work\periodtracker\app\src\hooks\useAccessibilityLabel.ts", "TypeScript", 15, 0, 0, 0, 0, 0, 0, 0, 0, 0, 0, 0, 0, 0, 0, 6, 21
"d:\github\NODE-JS\work\periodtracker\app\src\hooks\useAudio.ts", "TypeScript", 106, 0, 0, 0, 0, 0, 0, 0, 0, 0, 0, 0, 0, 0, 3, 22, 131
"d:\github\NODE-JS\work\periodtracker\app\src\hooks\useColor.ts", "TypeScript", 178, 0, 0, 0, 0, 0, 0, 0, 0, 0, 0, 0, 0, 0, 0, 10, 188
"d:\github\NODE-JS\work\periodtracker\app\src\hooks\useCountryOptions.ts", "TypeScript", 15, 0, 0, 0, 0, 0, 0, 0, 0, 0, 0, 0, 0, 0, 0, 4, 19
"d:\github\NODE-JS\work\periodtracker\app\src\hooks\useDayStatus.ts", "TypeScript", 70, 0, 0, 0, 0, 0, 0, 0, 0, 0, 0, 0, 0, 0, 2, 14, 86
"d:\github\NODE-JS\work\periodtracker\app\src\hooks\useDebounce.ts", "TypeScript", 31, 0, 0, 0, 0, 0, 0, 0, 0, 0, 0, 0, 0, 0, 2, 6, 39
"d:\github\NODE-JS\work\periodtracker\app\src\hooks\useDebounceEffect.ts", "TypeScript", 17, 0, 0, 0, 0, 0, 0, 0, 0, 0, 0, 0, 0, 0, 0, 5, 22
"d:\github\NODE-JS\work\periodtracker\app\src\hooks\useDebouncedCallback.ts", "TypeScript", 72, 0, 0, 0, 0, 0, 0, 0, 0, 0, 0, 0, 0, 0, 4, 14, 90
"d:\github\NODE-JS\work\periodtracker\app\src\hooks\useFetchSurvey.ts", "TypeScript", 14, 0, 0, 0, 0, 0, 0, 0, 0, 0, 0, 0, 0, 0, 6, 4, 24
"d:\github\NODE-JS\work\periodtracker\app\src\hooks\useFormatDate.ts", "TypeScript", 35, 0, 0, 0, 0, 0, 0, 0, 0, 0, 0, 0, 0, 0, 1, 6, 42
"d:\github\NODE-JS\work\periodtracker\app\src\hooks\useLayout.ts", "TypeScript", 12, 0, 0, 0, 0, 0, 0, 0, 0, 0, 0, 0, 0, 0, 0, 4, 16
"d:\github\NODE-JS\work\periodtracker\app\src\hooks\useMessaging.ts", "TypeScript", 49, 0, 0, 0, 0, 0, 0, 0, 0, 0, 0, 0, 0, 0, 8, 17, 74
"d:\github\NODE-JS\work\periodtracker\app\src\hooks\useMonths.ts", "TypeScript", 13, 0, 0, 0, 0, 0, 0, 0, 0, 0, 0, 0, 0, 0, 0, 4, 17
"d:\github\NODE-JS\work\periodtracker\app\src\hooks\useOrientationLock.ts", "TypeScript", 14, 0, 0, 0, 0, 0, 0, 0, 0, 0, 0, 0, 0, 0, 0, 4, 18
"d:\github\NODE-JS\work\periodtracker\app\src\hooks\useProvinceOptions.ts", "TypeScript", 17, 0, 0, 0, 0, 0, 0, 0, 0, 0, 0, 0, 0, 0, 0, 6, 23
"d:\github\NODE-JS\work\periodtracker\app\src\hooks\useScreenDimensions.ts", "TypeScript", 15, 0, 0, 0, 0, 0, 0, 0, 0, 0, 0, 0, 0, 0, 0, 6, 21
"d:\github\NODE-JS\work\periodtracker\app\src\hooks\useScreenFocus.ts", "TypeScript", 20, 0, 0, 0, 0, 0, 0, 0, 0, 0, 0, 0, 0, 0, 0, 7, 27
"d:\github\NODE-JS\work\periodtracker\app\src\hooks\useSearch.ts", "TypeScript", 66, 0, 0, 0, 0, 0, 0, 0, 0, 0, 0, 0, 0, 0, 2, 15, 83
"d:\github\NODE-JS\work\periodtracker\app\src\hooks\useThrottledFunction.ts", "TypeScript", 15, 0, 0, 0, 0, 0, 0, 0, 0, 0, 0, 0, 0, 0, 0, 5, 20
"d:\github\NODE-JS\work\periodtracker\app\src\hooks\useToggle.ts", "TypeScript", 6, 0, 0, 0, 0, 0, 0, 0, 0, 0, 0, 0, 0, 0, 0, 2, 8
"d:\github\NODE-JS\work\periodtracker\app\src\hooks\useTranslate.ts", "TypeScript", 83, 0, 0, 0, 0, 0, 0, 0, 0, 0, 0, 0, 0, 0, 10, 17, 110
"d:\github\NODE-JS\work\periodtracker\app\src\mappers\avatarMessages.ts", "TypeScript", 14, 0, 0, 0, 0, 0, 0, 0, 0, 0, 0, 0, 0, 0, 0, 4, 18
"d:\github\NODE-JS\work\periodtracker\app\src\mappers\didyouknow.ts", "TypeScript", 34, 0, 0, 0, 0, 0, 0, 0, 0, 0, 0, 0, 0, 0, 1, 4, 39
"d:\github\NODE-JS\work\periodtracker\app\src\mappers\encyclopedia.ts", "TypeScript", 109, 0, 0, 0, 0, 0, 0, 0, 0, 0, 0, 0, 0, 0, 9, 8, 126
"d:\github\NODE-JS\work\periodtracker\app\src\mappers\helpCenters.ts", "TypeScript", 17, 0, 0, 0, 0, 0, 0, 0, 0, 0, 0, 0, 0, 0, 1, 5, 23
"d:\github\NODE-JS\work\periodtracker\app\src\mappers\index.ts", "TypeScript", 6, 0, 0, 0, 0, 0, 0, 0, 0, 0, 0, 0, 0, 0, 0, 1, 7
"d:\github\NODE-JS\work\periodtracker\app\src\mappers\quiz.ts", "TypeScript", 58, 0, 0, 0, 0, 0, 0, 0, 0, 0, 0, 0, 0, 0, 2, 5, 65
"d:\github\NODE-JS\work\periodtracker\app\src\mappers\survey.ts", "TypeScript", 41, 0, 0, 0, 0, 0, 0, 0, 0, 0, 0, 0, 0, 0, 1, 5, 47
"d:\github\NODE-JS\work\periodtracker\app\src\navigation\MainNavigator.tsx", "TypeScript JSX", 0, 0, 0, 0, 0, 0, 0, 0, 0, 0, 0, 0, 95, 0, 0, 10, 105
"d:\github\NODE-JS\work\periodtracker\app\src\navigation\RootNavigator.tsx", "TypeScript JSX", 0, 0, 0, 0, 0, 0, 0, 0, 0, 0, 0, 0, 151, 0, 6, 26, 183
"d:\github\NODE-JS\work\periodtracker\app\src\navigation\components\Header.tsx", "TypeScript JSX", 0, 0, 0, 0, 0, 0, 0, 0, 0, 0, 0, 0, 86, 0, 1, 8, 95
"d:\github\NODE-JS\work\periodtracker\app\src\navigation\components\NavigationStack.tsx", "TypeScript JSX", 0, 0, 0, 0, 0, 0, 0, 0, 0, 0, 0, 0, 55, 0, 0, 8, 63
"d:\github\NODE-JS\work\periodtracker\app\src\navigation\components\TabIcon.tsx", "TypeScript JSX", 0, 0, 0, 0, 0, 0, 0, 0, 0, 0, 0, 0, 31, 0, 0, 4, 35
"d:\github\NODE-JS\work\periodtracker\app\src\navigation\stacks\AuthStack.tsx", "TypeScript JSX", 0, 0, 0, 0, 0, 0, 0, 0, 0, 0, 0, 0, 61, 0, 0, 7, 68
"d:\github\NODE-JS\work\periodtracker\app\src\navigation\stacks\EncyclopediaStack.tsx", "TypeScript JSX", 0, 0, 0, 0, 0, 0, 0, 0, 0, 0, 0, 0, 31, 0, 0, 5, 36
"d:\github\NODE-JS\work\periodtracker\app\src\navigation\stacks\HomeStack.tsx", "TypeScript JSX", 0, 0, 0, 0, 0, 0, 0, 0, 0, 0, 0, 0, 35, 0, 0, 5, 40
"d:\github\NODE-JS\work\periodtracker\app\src\navigation\stacks\ProfileStack.tsx", "TypeScript JSX", 0, 0, 0, 0, 0, 0, 0, 0, 0, 0, 0, 0, 29, 0, 0, 5, 34
"d:\github\NODE-JS\work\periodtracker\app\src\navigation\stacks\SettingsStack.tsx", "TypeScript JSX", 0, 0, 0, 0, 0, 0, 0, 0, 0, 0, 0, 0, 47, 0, 0, 5, 52
"d:\github\NODE-JS\work\periodtracker\app\src\optional\customHelpCard.tsx", "TypeScript JSX", 0, 0, 0, 0, 0, 0, 0, 0, 0, 0, 0, 0, 13, 0, 3, 8, 24
"d:\github\NODE-JS\work\periodtracker\app\src\optional\customSignUp.tsx", "TypeScript JSX", 0, 0, 0, 0, 0, 0, 0, 0, 0, 0, 0, 0, 35, 0, 9, 12, 56
"d:\github\NODE-JS\work\periodtracker\app\src\optional\emojis.ts", "TypeScript", 81, 0, 0, 0, 0, 0, 0, 0, 0, 0, 0, 0, 0, 0, 5, 10, 96
"d:\github\NODE-JS\work\periodtracker\app\src\optional\misc.tsx", "TypeScript JSX", 0, 0, 0, 0, 0, 0, 0, 0, 0, 0, 0, 0, 15, 0, 3, 5, 23
"d:\github\NODE-JS\work\periodtracker\app\src\optional\reduxMigrations.ts", "TypeScript", 9, 0, 0, 0, 0, 0, 0, 0, 0, 0, 0, 0, 0, 0, 2, 4, 15
"d:\github\NODE-JS\work\periodtracker\app\src\optional\styles.ts", "TypeScript", 15, 0, 0, 0, 0, 0, 0, 0, 0, 0, 0, 0, 0, 0, 2, 6, 23
"d:\github\NODE-JS\work\periodtracker\app\src\prediction\PredictionEngine.ts", "TypeScript", 1057, 0, 0, 0, 0, 0, 0, 0, 0, 0, 0, 0, 0, 0, 87, 92, 1236
"d:\github\NODE-JS\work\periodtracker\app\src\prediction\PredictionState.ts", "TypeScript", 142, 0, 0, 0, 0, 0, 0, 0, 0, 0, 0, 0, 0, 0, 4, 14, 160
"d:\github\NODE-JS\work\periodtracker\app\src\prediction\README.md", "Markdown", 0, 0, 0, 93, 0, 0, 0, 0, 0, 0, 0, 0, 0, 0, 0, 32, 125
"d:\github\NODE-JS\work\periodtracker\app\src\prediction\index.ts", "TypeScript", 2, 0, 0, 0, 0, 0, 0, 0, 0, 0, 0, 0, 0, 0, 0, 1, 3
"d:\github\NODE-JS\work\periodtracker\app\src\prediction\predictionLogic.ts", "TypeScript", 135, 0, 0, 0, 0, 0, 0, 0, 0, 0, 0, 0, 0, 0, 13, 21, 169
"d:\github\NODE-JS\work\periodtracker\app\src\redux\actions\analyticsActions.ts", "TypeScript", 24, 0, 0, 0, 0, 0, 0, 0, 0, 0, 0, 0, 0, 0, 3, 7, 34
"d:\github\NODE-JS\work\periodtracker\app\src\redux\actions\answerActions.ts", "TypeScript", 64, 0, 0, 0, 0, 0, 0, 0, 0, 0, 0, 0, 0, 0, 0, 8, 72
"d:\github\NODE-JS\work\periodtracker\app\src\redux\actions\appActions.ts", "TypeScript", 61, 0, 0, 0, 0, 0, 0, 0, 0, 0, 0, 0, 0, 0, 1, 17, 79
"d:\github\NODE-JS\work\periodtracker\app\src\redux\actions\authActions.ts", "TypeScript", 52, 0, 0, 0, 0, 0, 0, 0, 0, 0, 0, 0, 0, 0, 8, 16, 76
"d:\github\NODE-JS\work\periodtracker\app\src\redux\actions\contentActions.ts", "TypeScript", 70, 0, 0, 0, 0, 0, 0, 0, 0, 0, 0, 0, 0, 0, 0, 7, 77
"d:\github\NODE-JS\work\periodtracker\app\src\redux\actions\helpCenterActions.ts", "TypeScript", 9, 0, 0, 0, 0, 0, 0, 0, 0, 0, 0, 0, 0, 0, 0, 4, 13
"d:\github\NODE-JS\work\periodtracker\app\src\redux\actions\index.ts", "TypeScript", 7, 0, 0, 0, 0, 0, 0, 0, 0, 0, 0, 0, 0, 0, 0, 1, 8
"d:\github\NODE-JS\work\periodtracker\app\src\redux\actions\predictionActions.ts", "TypeScript", 49, 0, 0, 0, 0, 0, 0, 0, 0, 0, 0, 0, 0, 0, 12, 11, 72
"d:\github\NODE-JS\work\periodtracker\app\src\redux\helpers\index.ts", "TypeScript", 7, 0, 0, 0, 0, 0, 0, 0, 0, 0, 0, 0, 0, 0, 0, 5, 12
"d:\github\NODE-JS\work\periodtracker\app\src\redux\reducers\analyticsReducer.ts", "TypeScript", 23, 0, 0, 0, 0, 0, 0, 0, 0, 0, 0, 0, 0, 0, 4, 6, 33
"d:\github\NODE-JS\work\periodtracker\app\src\redux\reducers\answerReducer.ts", "TypeScript", 165, 0, 0, 0, 0, 0, 0, 0, 0, 0, 0, 0, 0, 0, 10, 15, 190
"d:\github\NODE-JS\work\periodtracker\app\src\redux\reducers\appReducer.ts", "TypeScript", 149, 0, 0, 0, 0, 0, 0, 0, 0, 0, 0, 0, 0, 0, 10, 6, 165
"d:\github\NODE-JS\work\periodtracker\app\src\redux\reducers\authReducer.ts", "TypeScript", 128, 0, 0, 0, 0, 0, 0, 0, 0, 0, 0, 0, 0, 0, 11, 17, 156
"d:\github\NODE-JS\work\periodtracker\app\src\redux\reducers\contentReducer.ts", "TypeScript", 133, 0, 0, 0, 0, 0, 0, 0, 0, 0, 0, 0, 0, 0, 1, 12, 146
"d:\github\NODE-JS\work\periodtracker\app\src\redux\reducers\helpCenterReducer.ts", "TypeScript", 34, 0, 0, 0, 0, 0, 0, 0, 0, 0, 0, 0, 0, 0, 2, 6, 42
"d:\github\NODE-JS\work\periodtracker\app\src\redux\reducers\index.ts", "TypeScript", 28, 0, 0, 0, 0, 0, 0, 0, 0, 0, 0, 0, 0, 0, 3, 6, 37
"d:\github\NODE-JS\work\periodtracker\app\src\redux\reducers\predictionReducer.ts", "TypeScript", 39, 0, 0, 0, 0, 0, 0, 0, 0, 0, 0, 0, 0, 0, 3, 9, 51
"d:\github\NODE-JS\work\periodtracker\app\src\redux\sagas\analyticsSaga.ts", "TypeScript", 59, 0, 0, 0, 0, 0, 0, 0, 0, 0, 0, 0, 0, 0, 15, 8, 82
"d:\github\NODE-JS\work\periodtracker\app\src\redux\sagas\appSaga.ts", "TypeScript", 49, 0, 0, 0, 0, 0, 0, 0, 0, 0, 0, 0, 0, 0, 20, 12, 81
"d:\github\NODE-JS\work\periodtracker\app\src\redux\sagas\authSaga.ts", "TypeScript", 212, 0, 0, 0, 0, 0, 0, 0, 0, 0, 0, 0, 0, 0, 20, 31, 263
"d:\github\NODE-JS\work\periodtracker\app\src\redux\sagas\contentSaga.ts", "TypeScript", 184, 0, 0, 0, 0, 0, 0, 0, 0, 0, 0, 0, 0, 0, 34, 26, 244
"d:\github\NODE-JS\work\periodtracker\app\src\redux\sagas\index.ts", "TypeScript", 15, 0, 0, 0, 0, 0, 0, 0, 0, 0, 0, 0, 0, 0, 0, 3, 18
"d:\github\NODE-JS\work\periodtracker\app\src\redux\sagas\smartPredictionSaga.ts", "TypeScript", 43, 0, 0, 0, 0, 0, 0, 0, 0, 0, 0, 0, 0, 0, 2, 6, 51
"d:\github\NODE-JS\work\periodtracker\app\src\redux\selectors\analyticsSelectors.ts", "TypeScript", 3, 0, 0, 0, 0, 0, 0, 0, 0, 0, 0, 0, 0, 0, 0, 3, 6
"d:\github\NODE-JS\work\periodtracker\app\src\redux\selectors\answerSelectors.ts", "TypeScript", 107, 0, 0, 0, 0, 0, 0, 0, 0, 0, 0, 0, 0, 0, 26, 22, 155
"d:\github\NODE-JS\work\periodtracker\app\src\redux\selectors\appSelectors.ts", "TypeScript", 30, 0, 0, 0, 0, 0, 0, 0, 0, 0, 0, 0, 0, 0, 2, 20, 52
"d:\github\NODE-JS\work\periodtracker\app\src\redux\selectors\authSelectors.ts", "TypeScript", 6, 0, 0, 0, 0, 0, 0, 0, 0, 0, 0, 0, 0, 0, 0, 6, 12
"d:\github\NODE-JS\work\periodtracker\app\src\redux\selectors\contentSelectors.ts", "TypeScript", 118, 0, 0, 0, 0, 0, 0, 0, 0, 0, 0, 0, 0, 0, 13, 29, 160
"d:\github\NODE-JS\work\periodtracker\app\src\redux\selectors\helpCenterSelectors.ts", "TypeScript", 3, 0, 0, 0, 0, 0, 0, 0, 0, 0, 0, 0, 0, 0, 0, 3, 6
"d:\github\NODE-JS\work\periodtracker\app\src\redux\selectors\index.ts", "TypeScript", 6, 0, 0, 0, 0, 0, 0, 0, 0, 0, 0, 0, 0, 0, 0, 1, 7
"d:\github\NODE-JS\work\periodtracker\app\src\redux\store.ts", "TypeScript", 33, 0, 0, 0, 0, 0, 0, 0, 0, 0, 0, 0, 0, 0, 1, 9, 43
"d:\github\NODE-JS\work\periodtracker\app\src\redux\types\index.ts", "TypeScript", 8, 0, 0, 0, 0, 0, 0, 0, 0, 0, 0, 0, 0, 0, 0, 4, 12
"d:\github\NODE-JS\work\periodtracker\app\src\redux\types\partialStore.ts", "TypeScript", 8, 0, 0, 0, 0, 0, 0, 0, 0, 0, 0, 0, 0, 0, 5, 3, 16
"d:\github\NODE-JS\work\periodtracker\app\src\redux\types\types.ts", "TypeScript", 13, 0, 0, 0, 0, 0, 0, 0, 0, 0, 0, 0, 0, 0, 17, 5, 35
"d:\github\NODE-JS\work\periodtracker\app\src\redux\useSelector.ts", "TypeScript", 3, 0, 0, 0, 0, 0, 0, 0, 0, 0, 0, 0, 0, 0, 0, 2, 5
"d:\github\NODE-JS\work\periodtracker\app\src\resources\app.json", "JSON", 0, 82, 0, 0, 0, 0, 0, 0, 0, 0, 0, 0, 0, 0, 0, 1, 83
"d:\github\NODE-JS\work\periodtracker\app\src\resources\assets\index.ts", "TypeScript", 55, 0, 0, 0, 0, 0, 0, 0, 0, 0, 0, 0, 0, 0, 0, 2, 57
"d:\github\NODE-JS\work\periodtracker\app\src\resources\assets\lottie\avatar.json", "JSON", 0, 1, 0, 0, 0, 0, 0, 0, 0, 0, 0, 0, 0, 0, 0, 0, 1
"d:\github\NODE-JS\work\periodtracker\app\src\resources\google-services.json", "JSON", 0, 29, 0, 0, 0, 0, 0, 0, 0, 0, 0, 0, 0, 0, 0, 0, 29
"d:\github\NODE-JS\work\periodtracker\app\src\resources\redux.ts", "TypeScript", 3, 0, 0, 0, 0, 0, 0, 0, 0, 0, 0, 0, 0, 0, 0, 1, 4
"d:\github\NODE-JS\work\periodtracker\app\src\resources\translations\app\en.ts", "TypeScript", 450, 0, 0, 0, 0, 0, 0, 0, 0, 0, 0, 0, 0, 0, 14, 19, 483
"d:\github\NODE-JS\work\periodtracker\app\src\resources\translations\app\index.ts", "TypeScript", 7, 0, 0, 0, 0, 0, 0, 0, 0, 0, 0, 0, 0, 0, 0, 4, 11
"d:\github\NODE-JS\work\periodtracker\app\src\resources\translations\calendar.ts", "TypeScript", 45, 0, 0, 0, 0, 0, 0, 0, 0, 0, 0, 0, 0, 0, 0, 3, 48
"d:\github\NODE-JS\work\periodtracker\app\src\resources\translations\content\en.ts", "TypeScript", 2, 0, 0, 0, 0, 0, 0, 0, 0, 0, 0, 0, 0, 0, 0, 2, 4
"d:\github\NODE-JS\work\periodtracker\app\src\resources\translations\content\index.ts", "TypeScript", 7, 0, 0, 0, 0, 0, 0, 0, 0, 0, 0, 0, 0, 0, 0, 3, 10
"d:\github\NODE-JS\work\periodtracker\app\src\resources\translations\content\insert-content-en.sql", "MS SQL", 0, 0, 0, 0, 1047, 0, 0, 0, 0, 0, 0, 0, 0, 0, 1, 978, 2026
"d:\github\NODE-JS\work\periodtracker\app\src\resources\translations\countries.ts", "TypeScript", 253, 0, 0, 0, 0, 0, 0, 0, 0, 0, 0, 0, 0, 0, 0, 3, 256
"d:\github\NODE-JS\work\periodtracker\app\src\resources\translations\index.ts", "TypeScript", 9, 0, 0, 0, 0, 0, 0, 0, 0, 0, 0, 0, 0, 0, 0, 2, 11
"d:\github\NODE-JS\work\periodtracker\app\src\resources\translations\locales.ts", "TypeScript", 6, 0, 0, 0, 0, 0, 0, 0, 0, 0, 0, 0, 0, 0, 0, 2, 8
"d:\github\NODE-JS\work\periodtracker\app\src\resources\translations\provinces.ts", "TypeScript", 4806, 0, 0, 0, 0, 0, 0, 0, 0, 0, 0, 0, 0, 0, 0, 3, 4809
"d:\github\NODE-JS\work\periodtracker\app\src\resources\translations\themes.ts", "TypeScript", 44, 0, 0, 0, 0, 0, 0, 0, 0, 0, 0, 0, 0, 0, 4, 8, 56
"d:\github\NODE-JS\work\periodtracker\app\src\screens\AboutScreen\index.tsx", "TypeScript JSX", 0, 0, 0, 0, 0, 0, 0, 0, 0, 0, 0, 0, 32, 0, 0, 6, 38
"d:\github\NODE-JS\work\periodtracker\app\src\screens\AccessScreen\index.tsx", "TypeScript JSX", 0, 0, 0, 0, 0, 0, 0, 0, 0, 0, 0, 0, 84, 0, 0, 13, 97
"d:\github\NODE-JS\work\periodtracker\app\src\screens\ArticlesScreen\ArticleContent.tsx", "TypeScript JSX", 0, 0, 0, 0, 0, 0, 0, 0, 0, 0, 0, 0, 51, 0, 0, 8, 59
"d:\github\NODE-JS\work\periodtracker\app\src\screens\ArticlesScreen\index.tsx", "TypeScript JSX", 0, 0, 0, 0, 0, 0, 0, 0, 0, 0, 0, 0, 94, 0, 2, 11, 107
"d:\github\NODE-JS\work\periodtracker\app\src\screens\AuthScreen\AuthModeContext.tsx", "TypeScript JSX", 0, 0, 0, 0, 0, 0, 0, 0, 0, 0, 0, 0, 32, 0, 1, 9, 42
"d:\github\NODE-JS\work\periodtracker\app\src\screens\AuthScreen\components\AuthCardBody.tsx", "TypeScript JSX", 0, 0, 0, 0, 0, 0, 0, 0, 0, 0, 0, 0, 17, 0, 0, 3, 20
"d:\github\NODE-JS\work\periodtracker\app\src\screens\AuthScreen\components\AuthHeader.tsx", "TypeScript JSX", 0, 0, 0, 0, 0, 0, 0, 0, 0, 0, 0, 0, 51, 0, 0, 6, 57
"d:\github\NODE-JS\work\periodtracker\app\src\screens\AuthScreen\components\AuthLinks.tsx", "TypeScript JSX", 0, 0, 0, 0, 0, 0, 0, 0, 0, 0, 0, 0, 39, 0, 0, 7, 46
"d:\github\NODE-JS\work\periodtracker\app\src\screens\AuthScreen\components\AuthScreenHeader.tsx", "TypeScript JSX", 0, 0, 0, 0, 0, 0, 0, 0, 0, 0, 0, 0, 42, 0, 0, 4, 46
"d:\github\NODE-JS\work\periodtracker\app\src\screens\AuthScreen\components\AuthToggle.tsx", "TypeScript JSX", 0, 0, 0, 0, 0, 0, 0, 0, 0, 0, 0, 0, 37, 0, 0, 6, 43
"d:\github\NODE-JS\work\periodtracker\app\src\screens\AuthScreen\components\DeleteAccount.tsx", "TypeScript JSX", 0, 0, 0, 0, 0, 0, 0, 0, 0, 0, 0, 0, 95, 0, 2, 16, 113
"d:\github\NODE-JS\work\periodtracker\app\src\screens\AuthScreen\components\ForgotPassword.tsx", "TypeScript JSX", 0, 0, 0, 0, 0, 0, 0, 0, 0, 0, 0, 0, 160, 0, 4, 19, 183
"d:\github\NODE-JS\work\periodtracker\app\src\screens\AuthScreen\components\Journey\JourneyContext.tsx", "TypeScript JSX", 0, 0, 0, 0, 0, 0, 0, 0, 0, 0, 0, 0, 151, 0, 1, 31, 183
"d:\github\NODE-JS\work\periodtracker\app\src\screens\AuthScreen\components\Journey\components\JourneyCard.tsx", "TypeScript JSX", 0, 0, 0, 0, 0, 0, 0, 0, 0, 0, 0, 0, 152, 0, 1, 17, 170
"d:\github\NODE-JS\work\periodtracker\app\src\screens\AuthScreen\components\Journey\components\JourneyCollect.tsx", "TypeScript JSX", 0, 0, 0, 0, 0, 0, 0, 0, 0, 0, 0, 0, 51, 0, 0, 7, 58
"d:\github\NODE-JS\work\periodtracker\app\src\screens\AuthScreen\components\Journey\components\JourneyReview.tsx", "TypeScript JSX", 0, 0, 0, 0, 0, 0, 0, 0, 0, 0, 0, 0, 127, 0, 2, 18, 147
"d:\github\NODE-JS\work\periodtracker\app\src\screens\AuthScreen\components\Journey\index.tsx", "TypeScript JSX", 0, 0, 0, 0, 0, 0, 0, 0, 0, 0, 0, 0, 24, 0, 0, 5, 29
"d:\github\NODE-JS\work\periodtracker\app\src\screens\AuthScreen\components\Journey\journeyConfig.ts", "TypeScript", 33, 0, 0, 0, 0, 0, 0, 0, 0, 0, 0, 0, 0, 0, 0, 3, 36
"d:\github\NODE-JS\work\periodtracker\app\src\screens\AuthScreen\components\LogIn.tsx", "TypeScript JSX", 0, 0, 0, 0, 0, 0, 0, 0, 0, 0, 0, 0, 105, 0, 1, 20, 126
"d:\github\NODE-JS\work\periodtracker\app\src\screens\AuthScreen\components\SignUp\SignUpContext.tsx", "TypeScript JSX", 0, 0, 0, 0, 0, 0, 0, 0, 0, 0, 0, 0, 311, 0, 12, 55, 378
"d:\github\NODE-JS\work\periodtracker\app\src\screens\AuthScreen\components\SignUp\components\AskAge.tsx", "TypeScript JSX", 0, 0, 0, 0, 0, 0, 0, 0, 0, 0, 0, 0, 46, 0, 0, 8, 54
"d:\github\NODE-JS\work\periodtracker\app\src\screens\AuthScreen\components\SignUp\components\AskAgree.tsx", "TypeScript JSX", 0, 0, 0, 0, 0, 0, 0, 0, 0, 0, 0, 0, 51, 0, 2, 8, 61
"d:\github\NODE-JS\work\periodtracker\app\src\screens\AuthScreen\components\SignUp\components\AskLocation.tsx", "TypeScript JSX", 0, 0, 0, 0, 0, 0, 0, 0, 0, 0, 0, 0, 60, 0, 0, 11, 71
"d:\github\NODE-JS\work\periodtracker\app\src\screens\AuthScreen\components\SignUp\components\AskSecret.tsx", "TypeScript JSX", 0, 0, 0, 0, 0, 0, 0, 0, 0, 0, 0, 0, 44, 0, 0, 6, 50
"d:\github\NODE-JS\work\periodtracker\app\src\screens\AuthScreen\components\SignUp\components\AskUserInfo.tsx", "TypeScript JSX", 0, 0, 0, 0, 0, 0, 0, 0, 0, 0, 0, 0, 67, 0, 0, 8, 75
"d:\github\NODE-JS\work\periodtracker\app\src\screens\AuthScreen\components\SignUp\components\SignUpConfirmButton.tsx", "TypeScript JSX", 0, 0, 0, 0, 0, 0, 0, 0, 0, 0, 0, 0, 22, 0, 0, 5, 27
"d:\github\NODE-JS\work\periodtracker\app\src\screens\AuthScreen\components\SignUp\index.tsx", "TypeScript JSX", 0, 0, 0, 0, 0, 0, 0, 0, 0, 0, 0, 0, 38, 0, 0, 5, 43
"d:\github\NODE-JS\work\periodtracker\app\src\screens\AuthScreen\components\Welcome.tsx", "TypeScript JSX", 0, 0, 0, 0, 0, 0, 0, 0, 0, 0, 0, 0, 62, 0, 0, 10, 72
"d:\github\NODE-JS\work\periodtracker\app\src\screens\AuthScreen\components\WelcomeCard.tsx", "TypeScript JSX", 0, 0, 0, 0, 0, 0, 0, 0, 0, 0, 0, 0, 71, 0, 0, 7, 78
"d:\github\NODE-JS\work\periodtracker\app\src\screens\AuthScreen\index.tsx", "TypeScript JSX", 0, 0, 0, 0, 0, 0, 0, 0, 0, 0, 0, 0, 92, 0, 0, 12, 104
"d:\github\NODE-JS\work\periodtracker\app\src\screens\AvatarAndThemeScreen\index.tsx", "TypeScript JSX", 0, 0, 0, 0, 0, 0, 0, 0, 0, 0, 0, 0, 229, 0, 2, 21, 252
"d:\github\NODE-JS\work\periodtracker\app\src\screens\CalendarScreen\index.tsx", "TypeScript JSX", 0, 0, 0, 0, 0, 0, 0, 0, 0, 0, 0, 0, 277, 0, 15, 39, 331
"d:\github\NODE-JS\work\periodtracker\app\src\screens\ContactUsScreen\index.tsx", "TypeScript JSX", 0, 0, 0, 0, 0, 0, 0, 0, 0, 0, 0, 0, 108, 0, 0, 14, 122
"d:\github\NODE-JS\work\periodtracker\app\src\screens\DayScreen\components\DayTracker\DidYouKnowCard.tsx", "TypeScript JSX", 0, 0, 0, 0, 0, 0, 0, 0, 0, 0, 0, 0, 53, 0, 0, 5, 58
"d:\github\NODE-JS\work\periodtracker\app\src\screens\DayScreen\components\DayTracker\EmojiQuestionCard.tsx", "TypeScript JSX", 0, 0, 0, 0, 0, 0, 0, 0, 0, 0, 0, 0, 200, 0, 3, 19, 222
"d:\github\NODE-JS\work\periodtracker\app\src\screens\DayScreen\components\DayTracker\NotesCard.tsx", "TypeScript JSX", 0, 0, 0, 0, 0, 0, 0, 0, 0, 0, 0, 0, 86, 0, 0, 11, 97
"d:\github\NODE-JS\work\periodtracker\app\src\screens\DayScreen\components\DayTracker\QuizCard.tsx", "TypeScript JSX", 0, 0, 0, 0, 0, 0, 0, 0, 0, 0, 0, 0, 157, 0, 1, 11, 169
"d:\github\NODE-JS\work\periodtracker\app\src\screens\DayScreen\components\DayTracker\index.tsx", "TypeScript JSX", 0, 0, 0, 0, 0, 0, 0, 0, 0, 0, 0, 0, 44, 0, 2, 11, 57
"d:\github\NODE-JS\work\periodtracker\app\src\screens\DayScreen\components\DayTracker\types.ts", "TypeScript", 24, 0, 0, 0, 0, 0, 0, 0, 0, 0, 0, 0, 0, 0, 0, 5, 29
"d:\github\NODE-JS\work\periodtracker\app\src\screens\DayScreen\components\Survey\SurveyCollect.tsx", "TypeScript JSX", 0, 0, 0, 0, 0, 0, 0, 0, 0, 0, 0, 0, 51, 0, 0, 10, 61
"d:\github\NODE-JS\work\periodtracker\app\src\screens\DayScreen\components\Survey\SurveyConsent.tsx", "TypeScript JSX", 0, 0, 0, 0, 0, 0, 0, 0, 0, 0, 0, 0, 31, 0, 0, 5, 36
"d:\github\NODE-JS\work\periodtracker\app\src\screens\DayScreen\components\Survey\SurveyContext.tsx", "TypeScript JSX", 0, 0, 0, 0, 0, 0, 0, 0, 0, 0, 0, 0, 181, 0, 3, 37, 221
"d:\github\NODE-JS\work\periodtracker\app\src\screens\DayScreen\components\Survey\index.tsx", "TypeScript JSX", 0, 0, 0, 0, 0, 0, 0, 0, 0, 0, 0, 0, 128, 0, 0, 13, 141
"d:\github\NODE-JS\work\periodtracker\app\src\screens\DayScreen\index.tsx", "TypeScript JSX", 0, 0, 0, 0, 0, 0, 0, 0, 0, 0, 0, 0, 39, 0, 0, 11, 50
"d:\github\NODE-JS\work\periodtracker\app\src\screens\EditProfileScreen\EditPasswordModal.tsx", "TypeScript JSX", 0, 0, 0, 0, 0, 0, 0, 0, 0, 0, 0, 0, 140, 0, 1, 18, 159
"d:\github\NODE-JS\work\periodtracker\app\src\screens\EditProfileScreen\EditSecretModal.tsx", "TypeScript JSX", 0, 0, 0, 0, 0, 0, 0, 0, 0, 0, 0, 0, 169, 0, 1, 22, 192
"d:\github\NODE-JS\work\periodtracker\app\src\screens\EditProfileScreen\index.tsx", "TypeScript JSX", 0, 0, 0, 0, 0, 0, 0, 0, 0, 0, 0, 0, 298, 0, 10, 48, 356
"d:\github\NODE-JS\work\periodtracker\app\src\screens\EncyclopediaScreen\EncyclopediaContext.tsx", "TypeScript JSX", 0, 0, 0, 0, 0, 0, 0, 0, 0, 0, 0, 0, 152, 0, 0, 28, 180
"d:\github\NODE-JS\work\periodtracker\app\src\screens\EncyclopediaScreen\components\Accordion.tsx", "TypeScript JSX", 0, 0, 0, 0, 0, 0, 0, 0, 0, 0, 0, 0, 204, 0, 1, 21, 226
"d:\github\NODE-JS\work\periodtracker\app\src\screens\EncyclopediaScreen\components\CategoryPicker.tsx", "TypeScript JSX", 0, 0, 0, 0, 0, 0, 0, 0, 0, 0, 0, 0, 65, 0, 0, 12, 77
"d:\github\NODE-JS\work\periodtracker\app\src\screens\EncyclopediaScreen\components\HelpCard.tsx", "TypeScript JSX", 0, 0, 0, 0, 0, 0, 0, 0, 0, 0, 0, 0, 41, 0, 0, 4, 45
"d:\github\NODE-JS\work\periodtracker\app\src\screens\EncyclopediaScreen\components\VideoPlayer.tsx", "TypeScript JSX", 0, 0, 0, 0, 0, 0, 0, 0, 0, 0, 0, 0, 140, 0, 1, 22, 163
"d:\github\NODE-JS\work\periodtracker\app\src\screens\EncyclopediaScreen\index.tsx", "TypeScript JSX", 0, 0, 0, 0, 0, 0, 0, 0, 0, 0, 0, 0, 44, 0, 0, 6, 50
"d:\github\NODE-JS\work\periodtracker\app\src\screens\FindHelpScreen\components\HelpCenterCard.tsx", "TypeScript JSX", 0, 0, 0, 0, 0, 0, 0, 0, 0, 0, 0, 0, 150, 0, 2, 15, 167
"d:\github\NODE-JS\work\periodtracker\app\src\screens\FindHelpScreen\components\HelpFiltersModal.tsx", "TypeScript JSX", 0, 0, 0, 0, 0, 0, 0, 0, 0, 0, 0, 0, 239, 0, 2, 34, 275
"d:\github\NODE-JS\work\periodtracker\app\src\screens\FindHelpScreen\index.tsx", "TypeScript JSX", 0, 0, 0, 0, 0, 0, 0, 0, 0, 0, 0, 0, 146, 0, 5, 24, 175
"d:\github\NODE-JS\work\periodtracker\app\src\screens\InfoScreen\index.tsx", "TypeScript JSX", 0, 0, 0, 0, 0, 0, 0, 0, 0, 0, 0, 0, 79, 0, 0, 7, 86
"d:\github\NODE-JS\work\periodtracker\app\src\screens\MainScreen\DayScrollContext.tsx", "TypeScript JSX", 0, 0, 0, 0, 0, 0, 0, 0, 0, 0, 0, 0, 349, 0, 31, 60, 440
"d:\github\NODE-JS\work\periodtracker\app\src\screens\MainScreen\TutorialContext.tsx", "TypeScript JSX", 0, 0, 0, 0, 0, 0, 0, 0, 0, 0, 0, 0, 193, 0, 2, 35, 230
"d:\github\NODE-JS\work\periodtracker\app\src\screens\MainScreen\components\Carousel.tsx", "TypeScript JSX", 0, 0, 0, 0, 0, 0, 0, 0, 0, 0, 0, 0, 62, 0, 0, 13, 75
"d:\github\NODE-JS\work\periodtracker\app\src\screens\MainScreen\components\CenterCard.tsx", "TypeScript JSX", 0, 0, 0, 0, 0, 0, 0, 0, 0, 0, 0, 0, 72, 0, 0, 5, 77
"d:\github\NODE-JS\work\periodtracker\app\src\screens\MainScreen\components\CircleProgress.tsx", "TypeScript JSX", 0, 0, 0, 0, 0, 0, 0, 0, 0, 0, 0, 0, 44, 0, 0, 5, 49
"d:\github\NODE-JS\work\periodtracker\app\src\screens\MainScreen\components\TutorialArrow.tsx", "TypeScript JSX", 0, 0, 0, 0, 0, 0, 0, 0, 0, 0, 0, 0, 32, 0, 0, 5, 37
"d:\github\NODE-JS\work\periodtracker\app\src\screens\MainScreen\components\TutorialFeature.tsx", "TypeScript JSX", 0, 0, 0, 0, 0, 0, 0, 0, 0, 0, 0, 0, 135, 0, 2, 23, 160
"d:\github\NODE-JS\work\periodtracker\app\src\screens\MainScreen\components\TutorialSkip.tsx", "TypeScript JSX", 0, 0, 0, 0, 0, 0, 0, 0, 0, 0, 0, 0, 29, 0, 0, 6, 35
"d:\github\NODE-JS\work\periodtracker\app\src\screens\MainScreen\components\TutorialTextbox.tsx", "TypeScript JSX", 0, 0, 0, 0, 0, 0, 0, 0, 0, 0, 0, 0, 52, 0, 0, 6, 58
"d:\github\NODE-JS\work\periodtracker\app\src\screens\MainScreen\components\Wheel.tsx", "TypeScript JSX", 0, 0, 0, 0, 0, 0, 0, 0, 0, 0, 0, 0, 111, 0, 1, 19, 131
"d:\github\NODE-JS\work\periodtracker\app\src\screens\MainScreen\components\WheelRing.tsx", "TypeScript JSX", 0, 0, 0, 0, 0, 0, 0, 0, 0, 0, 0, 0, 142, 0, 3, 17, 162
"d:\github\NODE-JS\work\periodtracker\app\src\screens\MainScreen\index.tsx", "TypeScript JSX", 0, 0, 0, 0, 0, 0, 0, 0, 0, 0, 0, 0, 212, 0, 13, 30, 255
"d:\github\NODE-JS\work\periodtracker\app\src\screens\MainScreen\tutorialOne.ts", "TypeScript", 109, 0, 0, 0, 0, 0, 0, 0, 0, 0, 0, 0, 0, 0, 0, 6, 115
"d:\github\NODE-JS\work\periodtracker\app\src\screens\MainScreen\tutorialTwo.ts", "TypeScript", 88, 0, 0, 0, 0, 0, 0, 0, 0, 0, 0, 0, 0, 0, 0, 7, 95
"d:\github\NODE-JS\work\periodtracker\app\src\screens\PrivacyScreen\index.tsx", "TypeScript JSX", 0, 0, 0, 0, 0, 0, 0, 0, 0, 0, 0, 0, 18, 0, 0, 4, 22
"d:\github\NODE-JS\work\periodtracker\app\src\screens\ProfileScreen\components\CycleCard.tsx", "TypeScript JSX", 0, 0, 0, 0, 0, 0, 0, 0, 0, 0, 0, 0, 174, 0, 3, 16, 193
"d:\github\NODE-JS\work\periodtracker\app\src\screens\ProfileScreen\components\ProfileDetails.tsx", "TypeScript JSX", 0, 0, 0, 0, 0, 0, 0, 0, 0, 0, 0, 0, 177, 0, 3, 12, 192
"d:\github\NODE-JS\work\periodtracker\app\src\screens\ProfileScreen\components\SaveAccountButton.tsx", "TypeScript JSX", 0, 0, 0, 0, 0, 0, 0, 0, 0, 0, 0, 0, 74, 0, 2, 14, 90
"d:\github\NODE-JS\work\periodtracker\app\src\screens\ProfileScreen\index.tsx", "TypeScript JSX", 0, 0, 0, 0, 0, 0, 0, 0, 0, 0, 0, 0, 31, 0, 0, 5, 36
"d:\github\NODE-JS\work\periodtracker\app\src\screens\SettingsScreen\index.tsx", "TypeScript JSX", 0, 0, 0, 0, 0, 0, 0, 0, 0, 0, 0, 0, 168, 0, 1, 13, 182
"d:\github\NODE-JS\work\periodtracker\app\src\screens\TermsScreen\index.tsx", "TypeScript JSX", 0, 0, 0, 0, 0, 0, 0, 0, 0, 0, 0, 0, 18, 0, 0, 4, 22
"d:\github\NODE-JS\work\periodtracker\app\src\services\HttpClient.ts", "TypeScript", 290, 0, 0, 0, 0, 0, 0, 0, 0, 0, 0, 0, 0, 0, 38, 14, 342
"d:\github\NODE-JS\work\periodtracker\app\src\services\asset.ts", "TypeScript", 15, 0, 0, 0, 0, 0, 0, 0, 0, 0, 0, 0, 0, 0, 6, 4, 25
"d:\github\NODE-JS\work\periodtracker\app\src\services\auth.ts", "TypeScript", 4, 0, 0, 0, 0, 0, 0, 0, 0, 0, 0, 0, 0, 0, 0, 2, 6
"d:\github\NODE-JS\work\periodtracker\app\src\services\dateUtils.ts", "TypeScript", 30, 0, 0, 0, 0, 0, 0, 0, 0, 0, 0, 0, 0, 0, 0, 10, 40
"d:\github\NODE-JS\work\periodtracker\app\src\services\device.ts", "TypeScript", 6, 0, 0, 0, 0, 0, 0, 0, 0, 0, 0, 0, 0, 0, 0, 3, 9
"d:\github\NODE-JS\work\periodtracker\app\src\services\firebase.ts", "TypeScript", 43, 0, 0, 0, 0, 0, 0, 0, 0, 0, 0, 0, 0, 0, 7, 9, 59
"d:\github\NODE-JS\work\periodtracker\app\src\services\network.ts", "TypeScript", 5, 0, 0, 0, 0, 0, 0, 0, 0, 0, 0, 0, 0, 0, 0, 2, 7
"d:\github\NODE-JS\work\periodtracker\app\src\services\restriction.ts", "TypeScript", 41, 0, 0, 0, 0, 0, 0, 0, 0, 0, 0, 0, 0, 0, 12, 18, 71
"d:\github\NODE-JS\work\periodtracker\app\src\services\utils.ts", "TypeScript", 31, 0, 0, 0, 0, 0, 0, 0, 0, 0, 0, 0, 0, 0, 7, 10, 48
"d:\github\NODE-JS\work\periodtracker\app\src\services\uuid.ts", "TypeScript", 1, 0, 0, 0, 0, 0, 0, 0, 0, 0, 0, 0, 0, 0, 0, 1, 2
"d:\github\NODE-JS\work\periodtracker\app\src\types\dailyCards.ts", "TypeScript", 12, 0, 0, 0, 0, 0, 0, 0, 0, 0, 0, 0, 0, 0, 0, 6, 18
"d:\github\NODE-JS\work\periodtracker\app\src\types\index.ts", "TypeScript", 24, 0, 0, 0, 0, 0, 0, 0, 0, 0, 0, 0, 0, 0, 1, 3, 28
"d:\github\NODE-JS\work\periodtracker\app\tsconfig.json", "JSON with Comments", 0, 0, 7, 0, 0, 0, 0, 0, 0, 0, 0, 0, 0, 0, 0, 1, 8
"d:\github\NODE-JS\work\periodtracker\bin\db-migration.sh", "Shell Script", 0, 0, 0, 0, 0, 0, 0, 0, 0, 0, 2, 0, 0, 0, 0, 1, 3
"d:\github\NODE-JS\work\periodtracker\bin\db-projection.sh", "Shell Script", 0, 0, 0, 0, 0, 0, 0, 0, 0, 0, 2, 0, 0, 0, 0, 1, 3
"d:\github\NODE-JS\work\periodtracker\bin\modules\checkout.sh", "Shell Script", 0, 0, 0, 0, 0, 0, 0, 0, 0, 0, 25, 0, 0, 0, 10, 10, 45
"d:\github\NODE-JS\work\periodtracker\bin\modules\paths.sh", "Shell Script", 0, 0, 0, 0, 0, 0, 0, 0, 0, 0, 5, 0, 0, 0, 4, 4, 13
"d:\github\NODE-JS\work\periodtracker\bin\modules\pull.sh", "Shell Script", 0, 0, 0, 0, 0, 0, 0, 0, 0, 0, 12, 0, 0, 0, 7, 8, 27
"d:\github\NODE-JS\work\periodtracker\bin\modules\remove.sh", "Shell Script", 0, 0, 0, 0, 0, 0, 0, 0, 0, 0, 7, 0, 0, 0, 4, 9, 20
"d:\github\NODE-JS\work\periodtracker\bin\setup\config.sh", "Shell Script", 0, 0, 0, 0, 0, 0, 0, 0, 0, 0, 12, 0, 0, 0, 4, 5, 21
"d:\github\NODE-JS\work\periodtracker\bin\setup\eas.sh", "Shell Script", 0, 0, 0, 0, 0, 0, 0, 0, 0, 0, 1, 0, 0, 0, 1, 2, 4
"d:\github\NODE-JS\work\periodtracker\cli.js", "JavaScript", 0, 0, 0, 0, 0, 3, 0, 0, 0, 0, 0, 0, 0, 0, 0, 2, 5
"d:\github\NODE-JS\work\periodtracker\convert-base64.js", "JavaScript", 0, 0, 0, 0, 0, 4, 0, 0, 0, 0, 0, 0, 0, 0, 0, 4, 8
"d:\github\NODE-JS\work\periodtracker\docker-compose.override.yml", "YAML", 0, 0, 0, 0, 0, 0, 0, 0, 0, 0, 0, 25, 0, 0, 0, 1, 26
"d:\github\NODE-JS\work\periodtracker\docker-compose.yml", "YAML", 0, 0, 0, 0, 0, 0, 0, 0, 0, 0, 0, 35, 0, 0, 0, 1, 36
"d:\github\NODE-JS\work\periodtracker\docs\changelogs\2024-02-15.md", "Markdown", 0, 0, 0, 12, 0, 0, 0, 0, 0, 0, 0, 0, 0, 0, 0, 6, 18
"d:\github\NODE-JS\work\periodtracker\docs\code\optional_submodules.md", "Markdown", 0, 0, 0, 32, 0, 0, 0, 0, 0, 0, 0, 0, 0, 0, 0, 16, 48
"d:\github\NODE-JS\work\periodtracker\docs\code\recommended_reading.md", "Markdown", 0, 0, 0, 6, 0, 0, 0, 0, 0, 0, 0, 0, 0, 0, 0, 6, 12
"d:\github\NODE-JS\work\periodtracker\docs\code\routes.md", "Markdown", 0, 0, 0, 153, 0, 0, 0, 0, 0, 0, 0, 0, 0, 0, 0, 40, 193
"d:\github\NODE-JS\work\periodtracker\docs\dependencies\M1.md", "Markdown", 0, 0, 0, 79, 0, 0, 0, 0, 0, 0, 0, 0, 0, 0, 0, 45, 124
"d:\github\NODE-JS\work\periodtracker\docs\dependencies\index.md", "Markdown", 0, 0, 0, 61, 0, 0, 0, 0, 0, 0, 0, 0, 0, 0, 0, 43, 104
"d:\github\NODE-JS\work\periodtracker\docs\dependencies\vscode.md", "Markdown", 0, 0, 0, 17, 0, 0, 0, 0, 0, 0, 0, 0, 0, 0, 0, 10, 27
"d:\github\NODE-JS\work\periodtracker\docs\deployment\adminer.md", "Markdown", 0, 0, 0, 14, 0, 0, 0, 0, 0, 0, 0, 0, 0, 0, 0, 10, 24
"d:\github\NODE-JS\work\periodtracker\docs\deployment\build_tag_push_apply.md", "Markdown", 0, 0, 0, 62, 0, 0, 0, 0, 0, 0, 0, 0, 0, 0, 0, 35, 97
"d:\github\NODE-JS\work\periodtracker\docs\deployment\cluster.md", "Markdown", 0, 0, 0, 103, 0, 0, 0, 0, 0, 0, 0, 0, 0, 0, 0, 60, 163
"d:\github\NODE-JS\work\periodtracker\docs\deployment\cluster_config.md", "Markdown", 0, 0, 0, 53, 0, 0, 0, 0, 0, 0, 0, 0, 0, 0, 0, 33, 86
"d:\github\NODE-JS\work\periodtracker\docs\deployment\database_droplet.md", "Markdown", 0, 0, 0, 144, 0, 0, 0, 0, 0, 0, 0, 0, 0, 0, 0, 92, 236
"d:\github\NODE-JS\work\periodtracker\docs\deployment\delete_account.md", "Markdown", 0, 0, 0, 7, 0, 0, 0, 0, 0, 0, 0, 0, 0, 0, 0, 7, 14
"d:\github\NODE-JS\work\periodtracker\docs\deployment\deployment.md", "Markdown", 0, 0, 0, 40, 0, 0, 0, 0, 0, 0, 0, 0, 0, 0, 0, 24, 64
"d:\github\NODE-JS\work\periodtracker\docs\deployment\deployment_overview.md", "Markdown", 0, 0, 0, 16, 0, 0, 0, 0, 0, 0, 0, 0, 0, 0, 0, 5, 21
"d:\github\NODE-JS\work\periodtracker\docs\deployment\fixing_issues.md", "Markdown", 0, 0, 0, 28, 0, 0, 0, 0, 0, 0, 0, 0, 0, 0, 0, 15, 43
"d:\github\NODE-JS\work\periodtracker\docs\deployment\overview.svg", "XML", 0, 0, 0, 0, 0, 0, 0, 0, 0, 0, 0, 0, 0, 3, 1, 0, 4
"d:\github\NODE-JS\work\periodtracker\docs\deployment\switch_context.md", "Markdown", 0, 0, 0, 29, 0, 0, 0, 0, 0, 0, 0, 0, 0, 0, 0, 15, 44
"d:\github\NODE-JS\work\periodtracker\docs\localisation\asset_validation.md", "Markdown", 0, 0, 0, 44, 0, 0, 0, 0, 0, 0, 0, 0, 0, 0, 0, 19, 63
"d:\github\NODE-JS\work\periodtracker\docs\localisation\translations.md", "Markdown", 0, 0, 0, 98, 0, 0, 0, 0, 0, 0, 0, 0, 0, 0, 0, 56, 154
"d:\github\NODE-JS\work\periodtracker\docs\localisation\updating_content.md", "Markdown", 0, 0, 0, 12, 0, 0, 0, 0, 0, 0, 0, 0, 0, 0, 0, 7, 19
"d:\github\NODE-JS\work\periodtracker\docs\misc.md", "Markdown", 0, 0, 0, 43, 0, 0, 0, 0, 0, 0, 0, 0, 0, 0, 0, 22, 65
"d:\github\NODE-JS\work\periodtracker\docs\modules.md", "Markdown", 0, 0, 0, 85, 0, 0, 0, 0, 0, 0, 0, 0, 0, 0, 0, 49, 134
"d:\github\NODE-JS\work\periodtracker\docs\run_project.md", "Markdown", 0, 0, 0, 10, 0, 0, 0, 0, 0, 0, 0, 0, 0, 0, 0, 6, 16
"d:\github\NODE-JS\work\periodtracker\docs\setup.md", "Markdown", 0, 0, 0, 139, 0, 0, 0, 0, 0, 0, 0, 0, 0, 0, 0, 89, 228
"d:\github\NODE-JS\work\periodtracker\docs\start_project.md", "Markdown", 0, 0, 0, 106, 0, 0, 0, 0, 0, 0, 0, 0, 0, 0, 0, 60, 166
"d:\github\NODE-JS\work\periodtracker\docs\tests.md", "Markdown", 0, 0, 0, 12, 0, 0, 0, 0, 0, 0, 0, 0, 0, 0, 0, 7, 19
"d:\github\NODE-JS\work\periodtracker\fetchContent.ts", "TypeScript", 140, 0, 0, 0, 0, 0, 0, 0, 0, 0, 0, 0, 0, 0, 21, 24, 185
"d:\github\NODE-JS\work\periodtracker\generateSQL.ts", "TypeScript", 260, 0, 0, 0, 0, 0, 0, 0, 0, 0, 0, 0, 0, 0, 3, 40, 303
"d:\github\NODE-JS\work\periodtracker\logger.ts", "TypeScript", 3, 0, 0, 0, 0, 0, 0, 0, 0, 0, 0, 0, 0, 0, 3, 1, 7
"d:\github\NODE-JS\work\periodtracker\merge-countries.ts", "TypeScript", 46, 0, 0, 0, 0, 0, 0, 0, 0, 0, 0, 0, 0, 0, 19, 17, 82
"d:\github\NODE-JS\work\periodtracker\merge-provinces.ts", "TypeScript", 60, 0, 0, 0, 0, 0, 0, 0, 0, 0, 0, 0, 0, 0, 7, 16, 83
"d:\github\NODE-JS\work\periodtracker\metaData.ts", "TypeScript", 15, 0, 0, 0, 0, 0, 0, 0, 0, 0, 0, 0, 0, 0, 0, 1, 16
"d:\github\NODE-JS\work\periodtracker\package.json", "JSON", 0, 71, 0, 0, 0, 0, 0, 0, 0, 0, 0, 0, 0, 0, 0, 1, 72
"d:\github\NODE-JS\work\periodtracker\packages\api\.dockerignore", "Ignore", 0, 0, 0, 0, 0, 0, 0, 0, 5, 0, 0, 0, 0, 0, 0, 0, 5
"d:\github\NODE-JS\work\periodtracker\packages\api\Dockerfile", "Docker", 0, 0, 0, 0, 0, 0, 0, 14, 0, 0, 0, 0, 0, 0, 4, 9, 27
"d:\github\NODE-JS\work\periodtracker\packages\api\__tests__\application\oky\AnalyticsApplicationService.test.ts", "TypeScript", 37, 0, 0, 0, 0, 0, 0, 0, 0, 0, 0, 0, 0, 0, 0, 10, 47
"d:\github\NODE-JS\work\periodtracker\packages\api\__tests__\application\oky\OkyUserApplicationService.test.ts", "TypeScript", 295, 0, 0, 0, 0, 0, 0, 0, 0, 0, 0, 0, 0, 0, 1, 64, 360
"d:\github\NODE-JS\work\periodtracker\packages\api\__tests__\domain\oky\AuthenticationService.test.ts", "TypeScript", 44, 0, 0, 0, 0, 0, 0, 0, 0, 0, 0, 0, 0, 0, 0, 16, 60
"d:\github\NODE-JS\work\periodtracker\packages\api\copyStaticAssets.ts", "TypeScript", 8, 0, 0, 0, 0, 0, 0, 0, 0, 0, 0, 0, 0, 0, 1, 4, 13
"d:\github\NODE-JS\work\periodtracker\packages\api\jest.config.js", "JavaScript", 0, 0, 0, 0, 0, 9, 0, 0, 0, 0, 0, 0, 0, 0, 0, 1, 10
"d:\github\NODE-JS\work\periodtracker\packages\api\package.json", "JSON", 0, 64, 0, 0, 0, 0, 0, 0, 0, 0, 0, 0, 0, 0, 0, 1, 65
"d:\github\NODE-JS\work\periodtracker\packages\api\src\application\oky\AnalyticsApplicationService.ts", "TypeScript", 23, 0, 0, 0, 0, 0, 0, 0, 0, 0, 0, 0, 0, 0, 0, 7, 30
"d:\github\NODE-JS\work\periodtracker\packages\api\src\application\oky\OkyUserApplicationService.ts", "TypeScript", 155, 0, 0, 0, 0, 0, 0, 0, 0, 0, 0, 0, 0, 0, 0, 28, 183
"d:\github\NODE-JS\work\periodtracker\packages\api\src\application\oky\commands\AppendEventsCommand.ts", "TypeScript", 9, 0, 0, 0, 0, 0, 0, 0, 0, 0, 0, 0, 0, 0, 0, 1, 10
"d:\github\NODE-JS\work\periodtracker\packages\api\src\application\oky\commands\DeleteUserCommand.ts", "TypeScript", 3, 0, 0, 0, 0, 0, 0, 0, 0, 0, 0, 0, 0, 0, 0, 1, 4
"d:\github\NODE-JS\work\periodtracker\packages\api\src\application\oky\commands\DeleteUserFromPasswordCommand.ts", "TypeScript", 4, 0, 0, 0, 0, 0, 0, 0, 0, 0, 0, 0, 0, 0, 0, 1, 5
"d:\github\NODE-JS\work\periodtracker\packages\api\src\application\oky\commands\EditInfoCommand.ts", "TypeScript", 10, 0, 0, 0, 0, 0, 0, 0, 0, 0, 0, 0, 0, 0, 0, 2, 12
"d:\github\NODE-JS\work\periodtracker\packages\api\src\application\oky\commands\EditSecretAnswerCommand.ts", "TypeScript", 5, 0, 0, 0, 0, 0, 0, 0, 0, 0, 0, 0, 0, 0, 0, 1, 6
"d:\github\NODE-JS\work\periodtracker\packages\api\src\application\oky\commands\LoginCommand.ts", "TypeScript", 4, 0, 0, 0, 0, 0, 0, 0, 0, 0, 0, 0, 0, 0, 0, 1, 5
"d:\github\NODE-JS\work\periodtracker\packages\api\src\application\oky\commands\ReplaceStoreCommand.ts", "TypeScript", 5, 0, 0, 0, 0, 0, 0, 0, 0, 0, 0, 0, 0, 0, 0, 1, 6
"d:\github\NODE-JS\work\periodtracker\packages\api\src\application\oky\commands\ResetPasswordCommand.ts", "TypeScript", 5, 0, 0, 0, 0, 0, 0, 0, 0, 0, 0, 0, 0, 0, 0, 1, 6
"d:\github\NODE-JS\work\periodtracker\packages\api\src\application\oky\commands\SignupCommand.ts", "TypeScript", 16, 0, 0, 0, 0, 0, 0, 0, 0, 0, 0, 0, 0, 0, 0, 2, 18
"d:\github\NODE-JS\work\periodtracker\packages\api\src\application\oky\commands\UserVerifiedPeriodDaysCommand.ts", "TypeScript", 5, 0, 0, 0, 0, 0, 0, 0, 0, 0, 0, 0, 0, 0, 0, 2, 7
"d:\github\NODE-JS\work\periodtracker\packages\api\src\domain\oky\AppEvent.ts", "TypeScript", 52, 0, 0, 0, 0, 0, 0, 0, 0, 0, 0, 0, 0, 0, 0, 14, 66
"d:\github\NODE-JS\work\periodtracker\packages\api\src\domain\oky\AppEventRepository.ts", "TypeScript", 6, 0, 0, 0, 0, 0, 0, 0, 0, 0, 0, 0, 0, 0, 0, 3, 9
"d:\github\NODE-JS\work\periodtracker\packages\api\src\domain\oky\AuthenticationDescriptor.ts", "TypeScript", 19, 0, 0, 0, 0, 0, 0, 0, 0, 0, 0, 0, 0, 0, 0, 7, 26
"d:\github\NODE-JS\work\periodtracker\packages\api\src\domain\oky\AuthenticationService.ts", "TypeScript", 23, 0, 0, 0, 0, 0, 0, 0, 0, 0, 0, 0, 0, 0, 0, 5, 28
"d:\github\NODE-JS\work\periodtracker\packages\api\src\domain\oky\HashedName.ts", "TypeScript", 26, 0, 0, 0, 0, 0, 0, 0, 0, 0, 0, 0, 0, 0, 0, 8, 34
"d:\github\NODE-JS\work\periodtracker\packages\api\src\domain\oky\HashedPassword.ts", "TypeScript", 21, 0, 0, 0, 0, 0, 0, 0, 0, 0, 0, 0, 0, 0, 0, 7, 28
"d:\github\NODE-JS\work\periodtracker\packages\api\src\domain\oky\MemorableQuestion.ts", "TypeScript", 34, 0, 0, 0, 0, 0, 0, 0, 0, 0, 0, 0, 0, 0, 0, 9, 43
"d:\github\NODE-JS\work\periodtracker\packages\api\src\domain\oky\OkyUser.ts", "TypeScript", 234, 0, 0, 0, 0, 0, 0, 0, 0, 0, 0, 0, 0, 0, 0, 40, 274
"d:\github\NODE-JS\work\periodtracker\packages\api\src\domain\oky\OkyUserRepository.ts", "TypeScript", 10, 0, 0, 0, 0, 0, 0, 0, 0, 0, 0, 0, 0, 0, 0, 3, 13
"d:\github\NODE-JS\work\periodtracker\packages\api\src\index.ts", "TypeScript", 4, 0, 0, 0, 0, 0, 0, 0, 0, 0, 0, 0, 0, 0, 0, 2, 6
"d:\github\NODE-JS\work\periodtracker\packages\api\src\infrastructure\db\TypeORMAppEventUserRepository.ts", "TypeScript", 22, 0, 0, 0, 0, 0, 0, 0, 0, 0, 0, 0, 0, 0, 0, 5, 27
"d:\github\NODE-JS\work\periodtracker\packages\api\src\infrastructure\db\TypeORMOkyUserRepository.ts", "TypeScript", 30, 0, 0, 0, 0, 0, 0, 0, 0, 0, 0, 0, 0, 0, 0, 7, 37
"d:\github\NODE-JS\work\periodtracker\packages\api\src\interfaces\api\bootstrap.ts", "TypeScript", 33, 0, 0, 0, 0, 0, 0, 0, 0, 0, 0, 0, 0, 0, 0, 8, 41
"d:\github\NODE-JS\work\periodtracker\packages\api\src\interfaces\api\controllers\account\AccountController.ts", "TypeScript", 199, 0, 0, 0, 0, 0, 0, 0, 0, 0, 0, 0, 0, 0, 8, 29, 236
"d:\github\NODE-JS\work\periodtracker\packages\api\src\interfaces\api\controllers\account\requests\DeleteUserFromPasswordRequest.ts", "TypeScript", 7, 0, 0, 0, 0, 0, 0, 0, 0, 0, 0, 0, 0, 0, 0, 3, 10
"d:\github\NODE-JS\work\periodtracker\packages\api\src\interfaces\api\controllers\account\requests\EditInfoRequest.ts", "TypeScript", 19, 0, 0, 0, 0, 0, 0, 0, 0, 0, 0, 0, 0, 0, 0, 7, 26
"d:\github\NODE-JS\work\periodtracker\packages\api\src\interfaces\api\controllers\account\requests\EditSecretAnswerRequest.ts", "TypeScript", 14, 0, 0, 0, 0, 0, 0, 0, 0, 0, 0, 0, 0, 0, 0, 3, 17
"d:\github\NODE-JS\work\periodtracker\packages\api\src\interfaces\api\controllers\account\requests\LoginRequest.ts", "TypeScript", 7, 0, 0, 0, 0, 0, 0, 0, 0, 0, 0, 0, 0, 0, 0, 3, 10
"d:\github\NODE-JS\work\periodtracker\packages\api\src\interfaces\api\controllers\account\requests\ReplaceStoreRequest.ts", "TypeScript", 15, 0, 0, 0, 0, 0, 0, 0, 0, 0, 0, 0, 0, 0, 0, 5, 20
"d:\github\NODE-JS\work\periodtracker\packages\api\src\interfaces\api\controllers\account\requests\ResetPasswordRequest.ts", "TypeScript", 13, 0, 0, 0, 0, 0, 0, 0, 0, 0, 0, 0, 0, 0, 0, 3, 16
"d:\github\NODE-JS\work\periodtracker\packages\api\src\interfaces\api\controllers\account\requests\SignupRequest.ts", "TypeScript", 37, 0, 0, 0, 0, 0, 0, 0, 0, 0, 0, 0, 0, 0, 0, 12, 49
"d:\github\NODE-JS\work\periodtracker\packages\api\src\interfaces\api\controllers\account\requests\UpdateMetadata.ts", "TypeScript", 10, 0, 0, 0, 0, 0, 0, 0, 0, 0, 0, 0, 0, 0, 0, 3, 13
"d:\github\NODE-JS\work\periodtracker\packages\api\src\interfaces\api\controllers\analytics\AnalyticsController.ts", "TypeScript", 20, 0, 0, 0, 0, 0, 0, 0, 0, 0, 0, 0, 0, 0, 0, 6, 26
"d:\github\NODE-JS\work\periodtracker\packages\api\src\interfaces\api\controllers\analytics\requests\AppendEventsRequest.ts", "TypeScript", 24, 0, 0, 0, 0, 0, 0, 0, 0, 0, 0, 0, 0, 0, 0, 5, 29
"d:\github\NODE-JS\work\periodtracker\packages\api\src\interfaces\api\controllers\root\RootController.ts", "TypeScript", 8, 0, 0, 0, 0, 0, 0, 0, 0, 0, 0, 0, 0, 0, 0, 2, 10
"d:\github\NODE-JS\work\periodtracker\packages\api\src\interfaces\api\middlewares\AuthenticationMiddleware.ts", "TypeScript", 45, 0, 0, 0, 0, 0, 0, 0, 0, 0, 0, 0, 0, 0, 3, 11, 59
"d:\github\NODE-JS\work\periodtracker\packages\api\src\interfaces\dirs.ts", "TypeScript", 5, 0, 0, 0, 0, 0, 0, 0, 0, 0, 0, 0, 0, 0, 0, 1, 6
"d:\github\NODE-JS\work\periodtracker\packages\api\src\interfaces\env.ts", "TypeScript", 31, 0, 0, 0, 0, 0, 0, 0, 0, 0, 0, 0, 0, 0, 3, 5, 39
"d:\github\NODE-JS\work\periodtracker\packages\api\src\interfaces\server.ts", "TypeScript", 36, 0, 0, 0, 0, 0, 0, 0, 0, 0, 0, 0, 0, 0, 3, 9, 48
"d:\github\NODE-JS\work\periodtracker\packages\api\src\shared\utils\isEmoji.ts", "TypeScript", 6, 0, 0, 0, 0, 0, 0, 0, 0, 0, 0, 0, 0, 0, 0, 2, 8
"d:\github\NODE-JS\work\periodtracker\packages\api\src\shared\utils\validateEmailAddress.ts", "TypeScript", 4, 0, 0, 0, 0, 0, 0, 0, 0, 0, 0, 0, 0, 0, 0, 1, 5
"d:\github\NODE-JS\work\periodtracker\packages\api\tsconfig.json", "JSON with Comments", 0, 0, 22, 0, 0, 0, 0, 0, 0, 0, 0, 0, 0, 0, 0, 1, 23
"d:\github\NODE-JS\work\periodtracker\packages\api\tslint.json", "JSON", 0, 7, 0, 0, 0, 0, 0, 0, 0, 0, 0, 0, 0, 0, 0, 1, 8
"d:\github\NODE-JS\work\periodtracker\packages\cms\.dockerignore", "Ignore", 0, 0, 0, 0, 0, 0, 0, 0, 6, 0, 0, 0, 0, 0, 0, 0, 6
"d:\github\NODE-JS\work\periodtracker\packages\cms\@types\express.d.ts", "TypeScript", 6, 0, 0, 0, 0, 0, 0, 0, 0, 0, 0, 0, 0, 0, 1, 2, 9
"d:\github\NODE-JS\work\periodtracker\packages\cms\Dockerfile", "Docker", 0, 0, 0, 0, 0, 0, 0, 12, 0, 0, 0, 0, 0, 0, 4, 7, 23
"d:\github\NODE-JS\work\periodtracker\packages\cms\__tests__\access\authentication.test.ts", "TypeScript", 55, 0, 0, 0, 0, 0, 0, 0, 0, 0, 0, 0, 0, 0, 0, 13, 68
"d:\github\NODE-JS\work\periodtracker\packages\cms\copyStaticAssets.ts", "TypeScript", 10, 0, 0, 0, 0, 0, 0, 0, 0, 0, 0, 0, 0, 0, 1, 4, 15
"d:\github\NODE-JS\work\periodtracker\packages\cms\jest.config.js", "JavaScript", 0, 0, 0, 0, 0, 9, 0, 0, 0, 0, 0, 0, 0, 0, 0, 1, 10
"d:\github\NODE-JS\work\periodtracker\packages\cms\ormconfig.ts", "TypeScript", 21, 0, 0, 0, 0, 0, 0, 0, 0, 0, 0, 0, 0, 0, 0, 3, 24
"d:\github\NODE-JS\work\periodtracker\packages\cms\package.json", "JSON", 0, 57, 0, 0, 0, 0, 0, 0, 0, 0, 0, 0, 0, 0, 0, 1, 58
"d:\github\NODE-JS\work\periodtracker\packages\cms\src\access\access-control.ts", "TypeScript", 29, 0, 0, 0, 0, 0, 0, 0, 0, 0, 0, 0, 0, 0, 4, 6, 39
"d:\github\NODE-JS\work\periodtracker\packages\cms\src\access\authentication.ts", "TypeScript", 31, 0, 0, 0, 0, 0, 0, 0, 0, 0, 0, 0, 0, 0, 0, 5, 36
"d:\github\NODE-JS\work\periodtracker\packages\cms\src\access\role-definitions.ts", "TypeScript", 23, 0, 0, 0, 0, 0, 0, 0, 0, 0, 0, 0, 0, 0, 0, 2, 25
"d:\github\NODE-JS\work\periodtracker\packages\cms\src\controller\AboutBannerController.ts", "TypeScript", 62, 0, 0, 0, 0, 0, 0, 0, 0, 0, 0, 0, 0, 0, 0, 12, 74
"d:\github\NODE-JS\work\periodtracker\packages\cms\src\controller\AboutController.ts", "TypeScript", 39, 0, 0, 0, 0, 0, 0, 0, 0, 0, 0, 0, 0, 0, 0, 9, 48
"d:\github\NODE-JS\work\periodtracker\packages\cms\src\controller\AccessController.ts", "TypeScript", 20, 0, 0, 0, 0, 0, 0, 0, 0, 0, 0, 0, 0, 0, 0, 3, 23
"d:\github\NODE-JS\work\periodtracker\packages\cms\src\controller\AgeRestrictionController.ts", "TypeScript", 33, 0, 0, 0, 0, 0, 0, 0, 0, 0, 0, 0, 0, 0, 0, 9, 42
"d:\github\NODE-JS\work\periodtracker\packages\cms\src\controller\AnalyticsController.ts", "TypeScript", 16, 0, 0, 0, 0, 0, 0, 0, 0, 0, 0, 0, 0, 0, 0, 4, 20
"d:\github\NODE-JS\work\periodtracker\packages\cms\src\controller\ArticleController.ts", "TypeScript", 100, 0, 0, 0, 0, 0, 0, 0, 0, 0, 0, 0, 0, 0, 1, 9, 110
"d:\github\NODE-JS\work\periodtracker\packages\cms\src\controller\ArticleVoiceOverController.ts", "TypeScript", 77, 0, 0, 0, 0, 0, 0, 0, 0, 0, 0, 0, 0, 0, 4, 20, 101
"d:\github\NODE-JS\work\periodtracker\packages\cms\src\controller\AvatarMessageController.ts", "TypeScript", 39, 0, 0, 0, 0, 0, 0, 0, 0, 0, 0, 0, 0, 0, 1, 9, 49
"d:\github\NODE-JS\work\periodtracker\packages\cms\src\controller\CategoryController.ts", "TypeScript", 80, 0, 0, 0, 0, 0, 0, 0, 0, 0, 0, 0, 0, 0, 0, 9, 89
"d:\github\NODE-JS\work\periodtracker\packages\cms\src\controller\ContentFilterController.ts", "TypeScript", 32, 0, 0, 0, 0, 0, 0, 0, 0, 0, 0, 0, 0, 0, 0, 9, 41
"d:\github\NODE-JS\work\periodtracker\packages\cms\src\controller\DataController.ts", "TypeScript", 704, 0, 0, 0, 0, 0, 0, 0, 0, 0, 0, 0, 0, 0, 123, 160, 987
"d:\github\NODE-JS\work\periodtracker\packages\cms\src\controller\DidYouKnowController.ts", "TypeScript", 43, 0, 0, 0, 0, 0, 0, 0, 0, 0, 0, 0, 0, 0, 0, 7, 50
"d:\github\NODE-JS\work\periodtracker\packages\cms\src\controller\HelpCenterAttributeController.ts", "TypeScript", 35, 0, 0, 0, 0, 0, 0, 0, 0, 0, 0, 0, 0, 0, 0, 8, 43
"d:\github\NODE-JS\work\periodtracker\packages\cms\src\controller\HelpCenterController.ts", "TypeScript", 64, 0, 0, 0, 0, 0, 0, 0, 0, 0, 0, 0, 0, 0, 0, 12, 76
"d:\github\NODE-JS\work\periodtracker\packages\cms\src\controller\NotificationController.ts", "TypeScript", 93, 0, 0, 0, 0, 0, 0, 0, 0, 0, 0, 0, 0, 0, 5, 12, 110
"d:\github\NODE-JS\work\periodtracker\packages\cms\src\controller\PrivacyPolicyController.ts", "TypeScript", 39, 0, 0, 0, 0, 0, 0, 0, 0, 0, 0, 0, 0, 0, 0, 9, 48
"d:\github\NODE-JS\work\periodtracker\packages\cms\src\controller\QuizController.ts", "TypeScript", 63, 0, 0, 0, 0, 0, 0, 0, 0, 0, 0, 0, 0, 0, 0, 9, 72
"d:\github\NODE-JS\work\periodtracker\packages\cms\src\controller\RenderController.ts", "TypeScript", 408, 0, 0, 0, 0, 0, 0, 0, 0, 0, 0, 0, 0, 0, 2, 39, 449
"d:\github\NODE-JS\work\periodtracker\packages\cms\src\controller\SubcategoryController.ts", "TypeScript", 67, 0, 0, 0, 0, 0, 0, 0, 0, 0, 0, 0, 0, 0, 0, 9, 76
"d:\github\NODE-JS\work\periodtracker\packages\cms\src\controller\SuggestionController.ts", "TypeScript", 32, 0, 0, 0, 0, 0, 0, 0, 0, 0, 0, 0, 0, 0, 0, 6, 38
"d:\github\NODE-JS\work\periodtracker\packages\cms\src\controller\SurveyController.ts", "TypeScript", 149, 0, 0, 0, 0, 0, 0, 0, 0, 0, 0, 0, 0, 0, 2, 5, 156
"d:\github\NODE-JS\work\periodtracker\packages\cms\src\controller\TermsAndConditionsController.ts", "TypeScript", 43, 0, 0, 0, 0, 0, 0, 0, 0, 0, 0, 0, 0, 0, 0, 9, 52
"d:\github\NODE-JS\work\periodtracker\packages\cms\src\controller\UserController.ts", "TypeScript", 69, 0, 0, 0, 0, 0, 0, 0, 0, 0, 0, 0, 0, 0, 0, 8, 77
"d:\github\NODE-JS\work\periodtracker\packages\cms\src\controller\VideoController.ts", "TypeScript", 68, 0, 0, 0, 0, 0, 0, 0, 0, 0, 0, 0, 0, 0, 0, 11, 79
"d:\github\NODE-JS\work\periodtracker\packages\cms\src\entity\About.ts", "TypeScript", 12, 0, 0, 0, 0, 0, 0, 0, 0, 0, 0, 0, 0, 0, 0, 5, 17
"d:\github\NODE-JS\work\periodtracker\packages\cms\src\entity\AboutBanner.ts", "TypeScript", 12, 0, 0, 0, 0, 0, 0, 0, 0, 0, 0, 0, 0, 0, 0, 5, 17
"d:\github\NODE-JS\work\periodtracker\packages\cms\src\entity\Analytics.ts", "TypeScript", 14, 0, 0, 0, 0, 0, 0, 0, 0, 0, 0, 0, 0, 0, 0, 6, 20
"d:\github\NODE-JS\work\periodtracker\packages\cms\src\entity\Article.ts", "TypeScript", 30, 0, 0, 0, 0, 0, 0, 0, 0, 0, 0, 0, 0, 0, 0, 14, 44
"d:\github\NODE-JS\work\periodtracker\packages\cms\src\entity\AvatarMessages.ts", "TypeScript", 12, 0, 0, 0, 0, 0, 0, 0, 0, 0, 0, 0, 0, 0, 0, 5, 17
"d:\github\NODE-JS\work\periodtracker\packages\cms\src\entity\Category.ts", "TypeScript", 16, 0, 0, 0, 0, 0, 0, 0, 0, 0, 0, 0, 0, 0, 0, 7, 23
"d:\github\NODE-JS\work\periodtracker\packages\cms\src\entity\DidYouKnow.ts", "TypeScript", 20, 0, 0, 0, 0, 0, 0, 0, 0, 0, 0, 0, 0, 0, 0, 9, 29
"d:\github\NODE-JS\work\periodtracker\packages\cms\src\entity\HelpCenter.ts", "TypeScript", 34, 0, 0, 0, 0, 0, 0, 0, 0, 0, 0, 0, 0, 0, 0, 16, 50
"d:\github\NODE-JS\work\periodtracker\packages\cms\src\entity\HelpCenterAttribute.ts", "TypeScript", 14, 0, 0, 0, 0, 0, 0, 0, 0, 0, 0, 0, 0, 0, 0, 6, 20
"d:\github\NODE-JS\work\periodtracker\packages\cms\src\entity\Notification.ts", "TypeScript", 16, 0, 0, 0, 0, 0, 0, 0, 0, 0, 0, 0, 0, 0, 0, 7, 23
"d:\github\NODE-JS\work\periodtracker\packages\cms\src\entity\OkyUser.ts", "TypeScript", 24, 0, 0, 0, 0, 0, 0, 0, 0, 0, 0, 0, 0, 0, 0, 11, 35
"d:\github\NODE-JS\work\periodtracker\packages\cms\src\entity\PermanentNotification.ts", "TypeScript", 16, 0, 0, 0, 0, 0, 0, 0, 0, 0, 0, 0, 0, 0, 0, 7, 23
"d:\github\NODE-JS\work\periodtracker\packages\cms\src\entity\PrivacyPolicy.ts", "TypeScript", 12, 0, 0, 0, 0, 0, 0, 0, 0, 0, 0, 0, 0, 0, 0, 5, 17
"d:\github\NODE-JS\work\periodtracker\packages\cms\src\entity\Question.ts", "TypeScript", 31, 0, 0, 0, 0, 0, 0, 0, 0, 0, 0, 0, 0, 0, 0, 12, 43
"d:\github\NODE-JS\work\periodtracker\packages\cms\src\entity\Quiz.ts", "TypeScript", 34, 0, 0, 0, 0, 0, 0, 0, 0, 0, 0, 0, 0, 0, 0, 16, 50
"d:\github\NODE-JS\work\periodtracker\packages\cms\src\entity\Subcategory.ts", "TypeScript", 14, 0, 0, 0, 0, 0, 0, 0, 0, 0, 0, 0, 0, 0, 0, 6, 20
"d:\github\NODE-JS\work\periodtracker\packages\cms\src\entity\Suggestion.ts", "TypeScript", 24, 0, 0, 0, 0, 0, 0, 0, 0, 0, 0, 0, 0, 0, 0, 11, 35
"d:\github\NODE-JS\work\periodtracker\packages\cms\src\entity\Survey.ts", "TypeScript", 37, 0, 0, 0, 0, 0, 0, 0, 0, 0, 0, 0, 0, 0, 0, 15, 52
"d:\github\NODE-JS\work\periodtracker\packages\cms\src\entity\TermsAndConditions.ts", "TypeScript", 12, 0, 0, 0, 0, 0, 0, 0, 0, 0, 0, 0, 0, 0, 0, 5, 17
"d:\github\NODE-JS\work\periodtracker\packages\cms\src\entity\User.ts", "TypeScript", 16, 0, 0, 0, 0, 0, 0, 0, 0, 0, 0, 0, 0, 0, 0, 7, 23
"d:\github\NODE-JS\work\periodtracker\packages\cms\src\entity\Video.ts", "TypeScript", 20, 0, 0, 0, 0, 0, 0, 0, 0, 0, 0, 0, 0, 0, 0, 9, 29
"d:\github\NODE-JS\work\periodtracker\packages\cms\src\env.ts", "TypeScript", 33, 0, 0, 0, 0, 0, 0, 0, 0, 0, 0, 0, 0, 0, 3, 5, 41
"d:\github\NODE-JS\work\periodtracker\packages\cms\src\helpers\HelpCenterService.ts", "TypeScript", 53, 0, 0, 0, 0, 0, 0, 0, 0, 0, 0, 0, 0, 0, 82, 13, 148
"d:\github\NODE-JS\work\periodtracker\packages\cms\src\helpers\common.ts", "TypeScript", 5, 0, 0, 0, 0, 0, 0, 0, 0, 0, 0, 0, 0, 0, 0, 1, 6
"d:\github\NODE-JS\work\periodtracker\packages\cms\src\index.ts", "TypeScript", 125, 0, 0, 0, 0, 0, 0, 0, 0, 0, 0, 0, 0, 0, 7, 12, 144
"d:\github\NODE-JS\work\periodtracker\packages\cms\src\optional.ts", "TypeScript", 35, 0, 0, 0, 0, 0, 0, 0, 0, 0, 0, 0, 0, 0, 4, 7, 46
"d:\github\NODE-JS\work\periodtracker\packages\cms\src\public\scripts\aboutViewScript.js", "JavaScript", 0, 0, 0, 0, 0, 80, 0, 0, 0, 0, 0, 0, 0, 0, 1, 12, 93
"d:\github\NODE-JS\work\periodtracker\packages\cms\src\public\scripts\ageRestriction.js", "JavaScript", 0, 0, 0, 0, 0, 25, 0, 0, 0, 0, 0, 0, 0, 0, 1, 3, 29
"d:\github\NODE-JS\work\periodtracker\packages\cms\src\public\scripts\analyticsScript.js", "JavaScript", 0, 0, 0, 0, 0, 361, 0, 0, 0, 0, 0, 0, 0, 0, 42, 28, 431
"d:\github\NODE-JS\work\periodtracker\packages\cms\src\public\scripts\avatarMessagesViewScript.js", "JavaScript", 0, 0, 0, 0, 0, 145, 0, 0, 0, 0, 0, 0, 0, 0, 7, 18, 170
"d:\github\NODE-JS\work\periodtracker\packages\cms\src\public\scripts\categoriesScript.js", "JavaScript", 0, 0, 0, 0, 0, 242, 0, 0, 0, 0, 0, 0, 0, 0, 1, 17, 260
"d:\github\NODE-JS\work\periodtracker\packages\cms\src\public\scripts\contentFilter.js", "JavaScript", 0, 0, 0, 0, 0, 37, 0, 0, 0, 0, 0, 0, 0, 0, 1, 5, 43
"d:\github\NODE-JS\work\periodtracker\packages\cms\src\public\scripts\didYouKnowViewScript.js", "JavaScript", 0, 0, 0, 0, 0, 193, 0, 0, 0, 0, 0, 0, 0, 0, 7, 21, 221
"d:\github\NODE-JS\work\periodtracker\packages\cms\src\public\scripts\encyclopediaViewScript.js", "JavaScript", 0, 0, 0, 0, 0, 347, 0, 0, 0, 0, 0, 0, 0, 0, 13, 27, 387
"d:\github\NODE-JS\work\periodtracker\packages\cms\src\public\scripts\generalScript.js", "JavaScript", 0, 0, 0, 0, 0, 15, 0, 0, 0, 0, 0, 0, 0, 0, 1, 1, 17
"d:\github\NODE-JS\work\periodtracker\packages\cms\src\public\scripts\helpCenterViewScript.js", "JavaScript", 0, 0, 0, 0, 0, 527, 0, 0, 0, 0, 0, 0, 0, 0, 27, 57, 611
"d:\github\NODE-JS\work\periodtracker\packages\cms\src\public\scripts\notificationScript.js", "JavaScript", 0, 0, 0, 0, 0, 78, 0, 0, 0, 0, 0, 0, 0, 0, 2, 7, 87
"d:\github\NODE-JS\work\periodtracker\packages\cms\src\public\scripts\privacyPolicyViewScript.js", "JavaScript", 0, 0, 0, 0, 0, 33, 0, 0, 0, 0, 0, 0, 0, 0, 1, 5, 39
"d:\github\NODE-JS\work\periodtracker\packages\cms\src\public\scripts\quizViewScript.js", "JavaScript", 0, 0, 0, 0, 0, 468, 0, 0, 0, 0, 0, 0, 0, 0, 10, 37, 515
"d:\github\NODE-JS\work\periodtracker\packages\cms\src\public\scripts\subcategoriesScript.js", "JavaScript", 0, 0, 0, 0, 0, 208, 0, 0, 0, 0, 0, 0, 0, 0, 1, 16, 225
"d:\github\NODE-JS\work\periodtracker\packages\cms\src\public\scripts\subcategoryViewScript.js", "JavaScript", 0, 0, 0, 0, 0, 514, 0, 0, 0, 0, 0, 0, 0, 0, 14, 43, 571
"d:\github\NODE-JS\work\periodtracker\packages\cms\src\public\scripts\surveyViewScript.js", "JavaScript", 0, 0, 0, 0, 0, 617, 0, 0, 0, 0, 0, 0, 0, 0, 73, 32, 722
"d:\github\NODE-JS\work\periodtracker\packages\cms\src\public\scripts\termsAndConditionsViewScript.js", "JavaScript", 0, 0, 0, 0, 0, 33, 0, 0, 0, 0, 0, 0, 0, 0, 1, 5, 39
"d:\github\NODE-JS\work\periodtracker\packages\cms\src\public\scripts\textEditor.js", "JavaScript", 0, 0, 0, 0, 0, 176, 0, 0, 0, 0, 0, 0, 0, 0, 11, 20, 207
"d:\github\NODE-JS\work\periodtracker\packages\cms\src\public\scripts\userViewScript.js", "JavaScript", 0, 0, 0, 0, 0, 107, 0, 0, 0, 0, 0, 0, 0, 0, 5, 9, 121
"d:\github\NODE-JS\work\periodtracker\packages\cms\src\public\scripts\videosViewScript.js", "JavaScript", 0, 0, 0, 0, 0, 276, 0, 0, 0, 0, 0, 0, 0, 0, 6, 22, 304
"d:\github\NODE-JS\work\periodtracker\packages\cms\src\public\scripts\voiceOvers.js", "JavaScript", 0, 0, 0, 0, 0, 97, 0, 0, 0, 0, 0, 0, 0, 0, 0, 14, 111
"d:\github\NODE-JS\work\periodtracker\packages\cms\src\public\stylesheets\dataTables.css", "PostCSS", 0, 0, 0, 0, 0, 0, 0, 0, 0, 90, 0, 0, 0, 0, 1, 22, 113
"d:\github\NODE-JS\work\periodtracker\packages\cms\src\public\stylesheets\main.css", "PostCSS", 0, 0, 0, 0, 0, 0, 0, 0, 0, 582, 0, 0, 0, 0, 12, 26, 620
"d:\github\NODE-JS\work\periodtracker\packages\cms\src\public\stylesheets\textEditor.css", "PostCSS", 0, 0, 0, 0, 0, 0, 0, 0, 0, 93, 0, 0, 0, 0, 2, 4, 99
"d:\github\NODE-JS\work\periodtracker\packages\cms\src\routes.ts", "TypeScript", 844, 0, 0, 0, 0, 0, 0, 0, 0, 0, 0, 0, 0, 0, 30, 4, 878
"d:\github\NODE-JS\work\periodtracker\packages\cms\src\services\analytics.ts", "TypeScript", 127, 0, 0, 0, 0, 0, 0, 0, 0, 0, 0, 0, 0, 0, 6, 5, 138
"d:\github\NODE-JS\work\periodtracker\packages\cms\src\views\About.ejs", "HTML", 0, 0, 0, 0, 0, 0, 32, 0, 0, 0, 0, 0, 0, 0, 0, 1, 33
"d:\github\NODE-JS\work\periodtracker\packages\cms\src\views\AnalyticsDash.ejs", "HTML", 0, 0, 0, 0, 0, 0, 176, 0, 0, 0, 0, 0, 0, 0, 0, 11, 187
"d:\github\NODE-JS\work\periodtracker\packages\cms\src\views\AvatarMessages.ejs", "HTML", 0, 0, 0, 0, 0, 0, 73, 0, 0, 0, 0, 0, 0, 0, 0, 2, 75
"d:\github\NODE-JS\work\periodtracker\packages\cms\src\views\Categories.ejs", "HTML", 0, 0, 0, 0, 0, 0, 42, 0, 0, 0, 0, 0, 0, 0, 1, 2, 45
"d:\github\NODE-JS\work\periodtracker\packages\cms\src\views\Category.ejs", "HTML", 0, 0, 0, 0, 0, 0, 42, 0, 0, 0, 0, 0, 0, 0, 1, 2, 45
"d:\github\NODE-JS\work\periodtracker\packages\cms\src\views\DataManagement.ejs", "HTML", 0, 0, 0, 0, 0, 0, 102, 0, 0, 0, 0, 0, 0, 0, 24, 21, 147
"d:\github\NODE-JS\work\periodtracker\packages\cms\src\views\DidYouKnow.ejs", "HTML", 0, 0, 0, 0, 0, 0, 98, 0, 0, 0, 0, 0, 0, 0, 0, 6, 104
"d:\github\NODE-JS\work\periodtracker\packages\cms\src\views\Encyclopedia.ejs", "HTML", 0, 0, 0, 0, 0, 0, 152, 0, 0, 0, 0, 0, 0, 0, 3, 4, 159
"d:\github\NODE-JS\work\periodtracker\packages\cms\src\views\HelpCenter.ejs", "HTML", 0, 0, 0, 0, 0, 0, 57, 0, 0, 0, 0, 0, 0, 0, 10, 1, 68
"d:\github\NODE-JS\work\periodtracker\packages\cms\src\views\Login.ejs", "HTML", 0, 0, 0, 0, 0, 0, 40, 0, 0, 0, 0, 0, 0, 0, 0, 3, 43
"d:\github\NODE-JS\work\periodtracker\packages\cms\src\views\Notification.ejs", "HTML", 0, 0, 0, 0, 0, 0, 187, 0, 0, 0, 0, 0, 0, 0, 0, 7, 194
"d:\github\NODE-JS\work\periodtracker\packages\cms\src\views\PrivacyPolicy.ejs", "HTML", 0, 0, 0, 0, 0, 0, 28, 0, 0, 0, 0, 0, 0, 0, 0, 2, 30
"d:\github\NODE-JS\work\periodtracker\packages\cms\src\views\Quiz.ejs", "HTML", 0, 0, 0, 0, 0, 0, 152, 0, 0, 0, 0, 0, 0, 0, 0, 4, 156
"d:\github\NODE-JS\work\periodtracker\packages\cms\src\views\Subcategories.ejs", "HTML", 0, 0, 0, 0, 0, 0, 42, 0, 0, 0, 0, 0, 0, 0, 1, 2, 45
"d:\github\NODE-JS\work\periodtracker\packages\cms\src\views\Subcategory.ejs", "HTML", 0, 0, 0, 0, 0, 0, 55, 0, 0, 0, 0, 0, 0, 0, 3, 3, 61
"d:\github\NODE-JS\work\periodtracker\packages\cms\src\views\Suggestion.ejs", "HTML", 0, 0, 0, 0, 0, 0, 126, 0, 0, 0, 0, 0, 0, 0, 0, 4, 130
"d:\github\NODE-JS\work\periodtracker\packages\cms\src\views\Survey.ejs", "HTML", 0, 0, 0, 0, 0, 0, 213, 0, 0, 0, 0, 0, 0, 0, 0, 4, 217
"d:\github\NODE-JS\work\periodtracker\packages\cms\src\views\TermsAndConditions.ejs", "HTML", 0, 0, 0, 0, 0, 0, 28, 0, 0, 0, 0, 0, 0, 0, 0, 1, 29
"d:\github\NODE-JS\work\periodtracker\packages\cms\src\views\UserManagement.ejs", "HTML", 0, 0, 0, 0, 0, 0, 64, 0, 0, 0, 0, 0, 0, 0, 0, 1, 65
"d:\github\NODE-JS\work\periodtracker\packages\cms\src\views\Videos.ejs", "HTML", 0, 0, 0, 0, 0, 0, 58, 0, 0, 0, 0, 0, 0, 0, 0, 1, 59
"d:\github\NODE-JS\work\periodtracker\packages\cms\src\views\modals\ArticleModal.ejs", "HTML", 0, 0, 0, 0, 0, 0, 110, 0, 0, 0, 0, 0, 0, 0, 2, 3, 115
"d:\github\NODE-JS\work\periodtracker\packages\cms\src\views\modals\CategoryModal.ejs", "HTML", 0, 0, 0, 0, 0, 0, 790, 0, 0, 0, 0, 0, 0, 0, 2, 1, 793
"d:\github\NODE-JS\work\periodtracker\packages\cms\src\views\modals\DoubleGraphModal.ejs", "HTML", 0, 0, 0, 0, 0, 0, 27, 0, 0, 0, 0, 0, 0, 0, 1, 1, 29
"d:\github\NODE-JS\work\periodtracker\packages\cms\src\views\modals\DynamicModal.ejs", "HTML", 0, 0, 0, 0, 0, 0, 53, 0, 0, 0, 0, 0, 0, 0, 1, 1, 55
"d:\github\NODE-JS\work\periodtracker\packages\cms\src\views\modals\GraphModal.ejs", "HTML", 0, 0, 0, 0, 0, 0, 47, 0, 0, 0, 0, 0, 0, 0, 1, 1, 49
"d:\github\NODE-JS\work\periodtracker\packages\cms\src\views\modals\HelpCenterModal.ejs", "HTML", 0, 0, 0, 0, 0, 0, 189, 0, 0, 0, 0, 0, 0, 0, 36, 16, 241
"d:\github\NODE-JS\work\periodtracker\packages\cms\src\views\modals\InfoModal.ejs", "HTML", 0, 0, 0, 0, 0, 0, 14, 0, 0, 0, 0, 0, 0, 0, 1, 0, 15
"d:\github\NODE-JS\work\periodtracker\packages\cms\src\views\modals\NotificationModal.ejs", "HTML", 0, 0, 0, 0, 0, 0, 43, 0, 0, 0, 0, 0, 0, 0, 1, 1, 45
"d:\github\NODE-JS\work\periodtracker\packages\cms\src\views\modals\PermanentNotificationModal.ejs", "HTML", 0, 0, 0, 0, 0, 0, 70, 0, 0, 0, 0, 0, 0, 0, 1, 1, 72
"d:\github\NODE-JS\work\periodtracker\packages\cms\src\views\modals\QuizModal.ejs", "HTML", 0, 0, 0, 0, 0, 0, 100, 0, 0, 0, 0, 0, 0, 0, 1, 1, 102
"d:\github\NODE-JS\work\periodtracker\packages\cms\src\views\modals\SubcategoryModal.ejs", "HTML", 0, 0, 0, 0, 0, 0, 71, 0, 0, 0, 0, 0, 0, 0, 2, 1, 74
"d:\github\NODE-JS\work\periodtracker\packages\cms\src\views\modals\SurveyModal.ejs", "HTML", 0, 0, 0, 0, 0, 0, 83, 0, 0, 0, 0, 0, 0, 0, 1, 1, 85
"d:\github\NODE-JS\work\periodtracker\packages\cms\src\views\modals\UserModal.ejs", "HTML", 0, 0, 0, 0, 0, 0, 55, 0, 0, 0, 0, 0, 0, 0, 1, 1, 57
"d:\github\NODE-JS\work\periodtracker\packages\cms\src\views\modals\VideoModal.ejs", "HTML", 0, 0, 0, 0, 0, 0, 82, 0, 0, 0, 0, 0, 0, 0, 2, 1, 85
"d:\github\NODE-JS\work\periodtracker\packages\cms\src\views\partials\Footer.ejs", "HTML", 0, 0, 0, 0, 0, 0, 8, 0, 0, 0, 0, 0, 0, 0, 0, 0, 8
"d:\github\NODE-JS\work\periodtracker\packages\cms\src\views\partials\Header.ejs", "HTML", 0, 0, 0, 0, 0, 0, 90, 0, 0, 0, 0, 0, 0, 0, 1, 7, 98
"d:\github\NODE-JS\work\periodtracker\packages\cms\src\views\partials\SideTab.ejs", "HTML", 0, 0, 0, 0, 0, 0, 16, 0, 0, 0, 0, 0, 0, 0, 0, 0, 16
"d:\github\NODE-JS\work\periodtracker\packages\cms\src\views\partials\TextEditor.ejs", "HTML", 0, 0, 0, 0, 0, 0, 14, 0, 0, 0, 0, 0, 0, 0, 0, 4, 18
"d:\github\NODE-JS\work\periodtracker\packages\cms\tsconfig.json", "JSON with Comments", 0, 0, 22, 0, 0, 0, 0, 0, 0, 0, 0, 0, 0, 0, 0, 1, 23
"d:\github\NODE-JS\work\periodtracker\packages\cms\tslint.json", "JSON", 0, 16, 0, 0, 0, 0, 0, 0, 0, 0, 0, 0, 0, 0, 0, 1, 17
"d:\github\NODE-JS\work\periodtracker\packages\core\__tests__\mappers\encyclopedia.test.ts", "TypeScript", 145, 0, 0, 0, 0, 0, 0, 0, 0, 0, 0, 0, 0, 0, 21, 19, 185
"d:\github\NODE-JS\work\periodtracker\packages\core\__tests__\modules\translations\content\index.test.ts", "TypeScript", 73, 0, 0, 0, 0, 0, 0, 0, 0, 0, 0, 0, 0, 0, 6, 14, 93
"d:\github\NODE-JS\work\periodtracker\packages\core\jest.config.js", "JavaScript", 0, 0, 0, 0, 0, 9, 0, 0, 0, 0, 0, 0, 0, 0, 0, 1, 10
"d:\github\NODE-JS\work\periodtracker\packages\core\package-lock.json", "JSON", 0, 21, 0, 0, 0, 0, 0, 0, 0, 0, 0, 0, 0, 0, 0, 1, 22
"d:\github\NODE-JS\work\periodtracker\packages\core\package.json", "JSON", 0, 30, 0, 0, 0, 0, 0, 0, 0, 0, 0, 0, 0, 0, 0, 1, 31
"d:\github\NODE-JS\work\periodtracker\packages\core\src\api\index.ts", "TypeScript", 243, 0, 0, 0, 0, 0, 0, 0, 0, 0, 0, 0, 0, 0, 1, 11, 255
"d:\github\NODE-JS\work\periodtracker\packages\core\src\api\types.ts", "TypeScript", 152, 0, 0, 0, 0, 0, 0, 0, 0, 0, 0, 0, 0, 0, 0, 15, 167
"d:\github\NODE-JS\work\periodtracker\packages\core\src\common\cms.ts", "TypeScript", 23, 0, 0, 0, 0, 0, 0, 0, 0, 0, 0, 0, 0, 0, 8, 3, 34
"d:\github\NODE-JS\work\periodtracker\packages\core\src\common\countries.ts", "TypeScript", 691, 0, 0, 0, 0, 0, 0, 0, 0, 0, 0, 0, 0, 0, 0, 3, 694
"d:\github\NODE-JS\work\periodtracker\packages\core\src\common\index.ts", "TypeScript", 5, 0, 0, 0, 0, 0, 0, 0, 0, 0, 0, 0, 0, 0, 0, 2, 7
"d:\github\NODE-JS\work\periodtracker\packages\core\src\common\provinces.ts", "TypeScript", 31721, 0, 0, 0, 0, 0, 0, 0, 0, 0, 0, 0, 0, 0, 0, 3, 31724
"d:\github\NODE-JS\work\periodtracker\packages\core\src\common\translations\en.json", "JSON", 0, 201, 0, 0, 0, 0, 0, 0, 0, 0, 0, 0, 0, 0, 0, 1, 202
"d:\github\NODE-JS\work\periodtracker\packages\core\src\common\translations\es.json", "JSON", 0, 205, 0, 0, 0, 0, 0, 0, 0, 0, 0, 0, 0, 0, 0, 1, 206
"d:\github\NODE-JS\work\periodtracker\packages\core\src\common\translations\fr.json", "JSON", 0, 201, 0, 0, 0, 0, 0, 0, 0, 0, 0, 0, 0, 0, 0, 1, 202
"d:\github\NODE-JS\work\periodtracker\packages\core\src\common\translations\id.json", "JSON", 0, 157, 0, 0, 0, 0, 0, 0, 0, 0, 0, 0, 0, 0, 0, 0, 157
"d:\github\NODE-JS\work\periodtracker\packages\core\src\common\translations\mn.json", "JSON", 0, 155, 0, 0, 0, 0, 0, 0, 0, 0, 0, 0, 0, 0, 0, 0, 155
"d:\github\NODE-JS\work\periodtracker\packages\core\src\common\translations\pt.json", "JSON", 0, 203, 0, 0, 0, 0, 0, 0, 0, 0, 0, 0, 0, 0, 0, 1, 204
"d:\github\NODE-JS\work\periodtracker\packages\core\src\common\translations\ru.json", "JSON", 0, 201, 0, 0, 0, 0, 0, 0, 0, 0, 0, 0, 0, 0, 0, 1, 202
"d:\github\NODE-JS\work\periodtracker\packages\core\src\index.ts", "TypeScript", 3, 0, 0, 0, 0, 0, 0, 0, 0, 0, 0, 0, 0, 0, 0, 1, 4
"d:\github\NODE-JS\work\periodtracker\packages\core\src\mappers\avatarMessages.ts", "TypeScript", 14, 0, 0, 0, 0, 0, 0, 0, 0, 0, 0, 0, 0, 0, 0, 4, 18
"d:\github\NODE-JS\work\periodtracker\packages\core\src\mappers\didyouknow.ts", "TypeScript", 34, 0, 0, 0, 0, 0, 0, 0, 0, 0, 0, 0, 0, 0, 0, 4, 38
"d:\github\NODE-JS\work\periodtracker\packages\core\src\mappers\encyclopedia.ts", "TypeScript", 110, 0, 0, 0, 0, 0, 0, 0, 0, 0, 0, 0, 0, 0, 6, 7, 123
"d:\github\NODE-JS\work\periodtracker\packages\core\src\mappers\helpCenters.ts", "TypeScript", 17, 0, 0, 0, 0, 0, 0, 0, 0, 0, 0, 0, 0, 0, 0, 4, 21
"d:\github\NODE-JS\work\periodtracker\packages\core\src\mappers\index.ts", "TypeScript", 6, 0, 0, 0, 0, 0, 0, 0, 0, 0, 0, 0, 0, 0, 0, 1, 7
"d:\github\NODE-JS\work\periodtracker\packages\core\src\mappers\quiz.ts", "TypeScript", 46, 0, 0, 0, 0, 0, 0, 0, 0, 0, 0, 0, 0, 0, 1, 4, 51
"d:\github\NODE-JS\work\periodtracker\packages\core\src\mappers\survey.ts", "TypeScript", 41, 0, 0, 0, 0, 0, 0, 0, 0, 0, 0, 0, 0, 0, 0, 4, 45
"d:\github\NODE-JS\work\periodtracker\packages\core\tsconfig.json", "JSON with Comments", 0, 0, 18, 0, 0, 0, 0, 0, 0, 0, 0, 0, 0, 0, 0, 1, 19
"d:\github\NODE-JS\work\periodtracker\packages\core\tslint.json", "JSON", 0, 3, 0, 0, 0, 0, 0, 0, 0, 0, 0, 0, 0, 0, 0, 1, 4
"d:\github\NODE-JS\work\periodtracker\packages\delete-account\README.md", "Markdown", 0, 0, 0, 6, 0, 0, 0, 0, 0, 0, 0, 0, 0, 0, 0, 6, 12
"d:\github\NODE-JS\work\periodtracker\packages\delete-account\config.js", "JavaScript", 0, 0, 0, 0, 0, 1, 0, 0, 0, 0, 0, 0, 0, 0, 0, 1, 2
"d:\github\NODE-JS\work\periodtracker\packages\delete-account\index.html", "HTML", 0, 0, 0, 0, 0, 0, 88, 0, 0, 0, 0, 0, 0, 0, 0, 2, 90
"d:\github\NODE-JS\work\periodtracker\packages\delete-account\main.css", "PostCSS", 0, 0, 0, 0, 0, 0, 0, 0, 0, 130, 0, 0, 0, 0, 0, 4, 134
"d:\github\NODE-JS\work\periodtracker\packages\delete-account\main.js", "JavaScript", 0, 0, 0, 0, 0, 41, 0, 0, 0, 0, 0, 0, 0, 0, 0, 6, 47
"d:\github\NODE-JS\work\periodtracker\periodtracker.code-workspace", "JSON with Comments", 0, 0, 23, 0, 0, 0, 0, 0, 0, 0, 0, 0, 0, 0, 0, 1, 24
"d:\github\NODE-JS\work\periodtracker\removeUnusedAssets.ts", "TypeScript", 55, 0, 0, 0, 0, 0, 0, 0, 0, 0, 0, 0, 0, 0, 0, 21, 76
"d:\github\NODE-JS\work\periodtracker\replace-content-ids.ts", "TypeScript", 22, 0, 0, 0, 0, 0, 0, 0, 0, 0, 0, 0, 0, 0, 3, 11, 36
"d:\github\NODE-JS\work\periodtracker\setDatabaseSync.ts", "TypeScript", 17, 0, 0, 0, 0, 0, 0, 0, 0, 0, 0, 0, 0, 0, 1, 8, 26
"d:\github\NODE-JS\work\periodtracker\sql\1695772800000-create-video-table.sql", "MS SQL", 0, 0, 0, 0, 11, 0, 0, 0, 0, 0, 0, 0, 0, 0, 0, 2, 13
"d:\github\NODE-JS\work\periodtracker\sql\1701781248594-update-oky-user-table.sql", "MS SQL", 0, 0, 0, 0, 4, 0, 0, 0, 0, 0, 0, 0, 0, 0, 2, 2, 8
"d:\github\NODE-JS\work\periodtracker\sql\1705982678530-alter-video-table.sql", "MS SQL", 0, 0, 0, 0, 2, 0, 0, 0, 0, 0, 0, 0, 0, 0, 0, 0, 2
"d:\github\NODE-JS\work\periodtracker\sql\1709716115361-add-sort-column.sql", "MS SQL", 0, 0, 0, 0, 9, 0, 0, 0, 0, 0, 0, 0, 0, 0, 2, 8, 19
"d:\github\NODE-JS\work\periodtracker\sql\1714105338916-add-voice-over.sql", "MS SQL", 0, 0, 0, 0, 2, 0, 0, 0, 0, 0, 0, 0, 0, 0, 0, 0, 2
"d:\github\NODE-JS\work\periodtracker\sql\1715142512486-add-user-metadata.sql", "MS SQL", 0, 0, 0, 0, 2, 0, 0, 0, 0, 0, 0, 0, 0, 0, 0, 1, 3
"d:\github\NODE-JS\work\periodtracker\sql\1717481917580-add-video-sorting-key.sql", "MS SQL", 0, 0, 0, 0, 3, 0, 0, 0, 0, 0, 0, 0, 0, 0, 0, 1, 4
"d:\github\NODE-JS\work\periodtracker\sql\1724617170978-help-center.sql", "MS SQL", 0, 0, 0, 0, 18, 0, 0, 0, 0, 0, 0, 0, 0, 0, 0, 5, 23
"d:\github\NODE-JS\work\periodtracker\sql\1740038351970-voice-over.sql", "MS SQL", 0, 0, 0, 0, 2, 0, 0, 0, 0, 0, 0, 0, 0, 0, 0, 0, 2
"d:\github\NODE-JS\work\periodtracker\sql\1740038351971-content-restriction.sql", "MS SQL", 0, 0, 0, 0, 13, 0, 0, 0, 0, 0, 0, 0, 0, 0, 0, 3, 16
"d:\github\NODE-JS\work\periodtracker\sql\create-tables.sql", "MS SQL", 0, 0, 0, 0, 229, 0, 0, 0, 0, 0, 0, 0, 0, 0, 0, 32, 261
"d:\github\NODE-JS\work\periodtracker\sql\initial-setup.sql", "MS SQL", 0, 0, 0, 0, 293, 0, 0, 0, 0, 0, 0, 0, 0, 0, 11, 67, 371
"d:\github\NODE-JS\work\periodtracker\tsconfig.json", "JSON with Comments", 0, 0, 27, 0, 0, 0, 0, 0, 0, 0, 0, 0, 0, 0, 0, 1, 28
"d:\github\NODE-JS\work\periodtracker\tslint.json", "JSON", 0, 49, 0, 0, 0, 0, 0, 0, 0, 0, 0, 0, 0, 0, 0, 1, 50
"d:\github\NODE-JS\work\periodtracker\validateImages.ts", "TypeScript", 113, 0, 0, 0, 0, 0, 0, 0, 0, 0, 0, 0, 0, 0, 3, 33, 149
"d:\github\NODE-JS\work\periodtracker\validateLotties.ts", "TypeScript", 34, 0, 0, 0, 0, 0, 0, 0, 0, 0, 0, 0, 0, 0, 1, 10, 45
"Total", "-", 52645, 1858, 119, 1762, 1635, 4769, 3717, 40, 15, 895, 91, 303, 14000, 3, 1580, 7072, 90504